camat_code,city_code,camat_name,geomap
122113,1221,SOSA JULU,
122114,1221,SOSA TIMUR,
122115,1221,ULU SOSA,
122116,1221,BARUMUN BARU,
122117,1221,BARUMUN BARAT,
610401,6104,JONGKAT,
111001,1110,SAMALANGA,
120204,1202,LINGGA BAYU,
130908,1309,RAO,
352113,3521,NGAWI,
730806,7308,LAU,
941105,9411,ILU,
168401,1684,Abab,
168402,1684,Penukal,
168403,1684,Penukal Utara,
168404,1684,Tanah Abang,
351619,3516,Gegeg,
531122,5311,Kota Baru,
530920,5309,Lewolema,
531213,5312,Riung Selatan,
531411,5314,Ndao Nuse,
530810,5308,Buyasuri,
611301,6113,Anjongan,
611302,6113,Mempawah Hilir,
611303,6113,Mempawah Timur,
611304,6113,Sadaniang,
611305,6113,Segedong,
611306,6113,Siantan,
611307,6113,Kunyit,
611308,6113,Sungai Pinyuh,
611309,6113,Toho,
710518,7105,Suluun Tareran,
760601,7606,Bambaira,
760602,7606,Bambalamutu,
760603,7606,Baras,
760604,7606,Bulu Taba,
760605,7606,Dapurang,
760606,7606,Duripoku,
760607,7606,Lariang,
760608,7606,Pasangkayu,
760609,7606,Pedongga,
760610,7606,Sarjo,
760611,7606,Sarudu,
760612,7606,Tikke Raya,
730211,7302,Herlang,
731723,7317,Bua Ponrang,
740623,7406,Mataoleo,
740122,7401,Siontapia,
740907,7409,Wakorumba Utara,
810320,8103,Saparua Timur,
810907,8108,Waesama,
121017,1210,Sibiru-biru,
161308,1613,Lain-lain,""
110101,1101,TEUPAH SELATAN,
110102,1101,SIMEULUE TIMUR,
110103,1101,TEUPAH BARAT,
110104,1101,SIMEULUE TENGAH,
110105,1101,TELUK DALAM,
110106,1101,SALANG,
110107,1101,SIMEULUE BARAT,
110108,1101,ALAFAN,
110201,1102,PULAU BANYAK,
110202,1102,PULAU BANYAK BARAT,
110203,1102,SINGKIL,
110204,1102,SINGKIL UTARA,
110205,1102,KUALA BARU,
110206,1102,SIMPANG KANAN,
110207,1102,GUNUNG MERIAH,
110208,1102,DANAU PARIS,
110209,1102,SURO MAKMUR,
110210,1102,SINGKOHOR,
110211,1102,KOTA BAHARU,
110301,1103,TRUMON,
110302,1103,TRUMON TIMUR,
110303,1103,TRUMON TENGAH,
110304,1103,BAKONGAN,
110305,1103,BAKONGAN TIMUR,
110306,1103,KOTA BAHAGIA,
110307,1103,KLUET SELATAN,
110308,1103,KLUET TIMUR,
110309,1103,KLUET UTARA,
110310,1103,PASIE RAJA,
110311,1103,KLUET TENGAH,
110312,1103,TAPAK TUAN,
110313,1103,SAMA DUA,
110314,1103,SAWANG,
110315,1103,MEUKEK,
110316,1103,LABUHAN HAJI,
110317,1103,LABUHAN HAJI TIMUR,
110318,1103,LABUHAN HAJI BARAT,
110401,1104,LAWE ALAS,
110402,1104,BABUL RAHMAD,
110403,1104,TANOH ALAS,
110404,1104,LAWE SIGALA-GALA,
110405,1104,BABUL MAKMUR,
110406,1104,SEMADAM,
110407,1104,LAUSER,
110408,1104,BAMBEL,
110409,1104,BUKIT TUSAM,
110410,1104,LAWE SUMUR,
110411,1104,BABUSSALAM,
110412,1104,LAWE BULAN,
110413,1104,BADAR,
110414,1104,DARUL HASANAH,
110415,1104,KETAMBE,
110416,1104,DELENG POKHKISEN,
110501,1105,SERBA JADI,
110502,1105,SIMPANG JERNIH,
110503,1105,PEUNARON,
110504,1105,BIREM BAYEUN,
110505,1105,RANTAU SELAMAT,
110506,1105,SUNGAI RAYA,
110507,1105,PEUREULAK,
110508,1105,PEUREULAK TIMUR,
110509,1105,PEUREULAK BARAT,
110510,1105,RANTO PEUREULAK,
110511,1105,IDI RAYEUK,
110512,1105,PEUDAWA,
110513,1105,BANDA ALAM,
110514,1105,IDI TUNONG,
110515,1105,DARUL IHSAN,
110516,1105,IDI TIMUR,
110517,1105,DARUL AMAN,
110518,1105,NURUSSALAM,
110519,1105,DARUL FALAH,
110520,1105,JULOK,
110521,1105,INDRA MAKMUR,
110522,1105,PANTE BIDARI,
110523,1105,SIMPANG ULIM,
110524,1105,MADAT,
110601,1106,LINGE,
110602,1106,ATU LINTANG,
110603,1106,JAGONG JEGET,
110604,1106,BINTANG,
110605,1106,LUT TAWAR,
110606,1106,KEBAYAKAN,
110607,1106,PEGASING,
110608,1106,BIES,
110609,1106,BEBESEN,
110610,1106,KUTE PANANG,
110611,1106,SILIH NARA,
110612,1106,KETOL,
110613,1106,CELALA,
110614,1106,RUSIP ANTARA,
110701,1107,JOHAN PAHLAWAN,
110702,1107,SAMATIGA,
110703,1107,BUBON,
110704,1107,ARONGAN LAMBALEK,
110705,1107,WOYLA,
110706,1107,WOYLA BARAT,
110707,1107,WOYLA TIMUR,
110708,1107,KAWAY XVI,
110709,1107,MEUREUBO,
110710,1107,PANTAI CEUREMEN,
110711,1107,PANTON REU,
110712,1107,SUNGAI MAS,
110801,1108,LHOONG,
110802,1108,LHOKNGA,
110803,1108,LEUPUNG,
110804,1108,INDRAPURI,
110805,1108,KUTA COT GLIE,
110806,1108,SEULIMEUM,
110807,1108,KOTA JANTHO,
110808,1108,LEMBAH SEULAWAH,
110809,1108,MESJID RAYA,
110810,1108,DARUSSALAM,
110811,1108,BAITUSSALAM,
110812,1108,KUTA BARO,
110813,1108,MONTASIK,
110814,1108,BLANG BINTANG,
110815,1108,INGIN JAYA,
110816,1108,KRUENG BARONA JAYA,
110817,1108,SUKA MAKMUR,
110818,1108,KUTA MALAKA,
110819,1108,SIMPANG TIGA,
110820,1108,DARUL IMARAH,
110821,1108,DARUL KAMAL,
110822,1108,PEUKAN BADA,
110823,1108,PULO ACEH,
110901,1109,GEUMPANG,
110902,1109,MANE,
110903,1109,GLUMPANG TIGA,
110904,1109,GLUMPANG BARO,
110905,1109,MUTIARA,
110906,1109,MUTIARA TIMUR,
110907,1109,TIRO/TRUSEB,
110908,1109,TANGSE,
110909,1109,KEUMALA,
110910,1109,TITEUE,
110911,1109,SAKTI,
110912,1109,MILA,
110913,1109,PADANG TIJI,
110914,1109,DELIMA,
110915,1109,GRONG GRONG,
110916,1109,INDRAJAYA,
110917,1109,PEUKAN BARO,
110918,1109,KEMBANG TANJONG,
110919,1109,SIMPANG TIGA,
110920,1109,KOTA SIGLI,
110921,1109,PIDIE,
110922,1109,BATEE,
110923,1109,MUARA TIGA,
111002,1110,SIMPANG MAMPLAM,
111003,1110,PANDRAH,
111004,1110,JEUNIEB,
111005,1110,PEULIMBANG,
111006,1110,PEUDADA,
111007,1110,JULI,
111008,1110,JEUMPA,
111009,1110,KOTA JUANG,
111010,1110,KUALA,
111011,1110,JANGKA,
111012,1110,PEUSANGAN,
111013,1110,PEUSANGAN SELATAN,
111014,1110,PEUSANGAN SIBLAH KRUENG,
111015,1110,MAKMUR,
111016,1110,GANDA PURA,
111017,1110,KUTA BLANG,
111101,1111,SAWANG,
111102,1111,NISAM,
111103,1111,NISAM ANTARA,
111104,1111,BANDA BARO,
111105,1111,KUTA MAKMUR,
111106,1111,SIMPANG KERAMAT,
111107,1111,SYAMTALIRA BAYU,
111108,1111,GEUREUDONG PASE,
111109,1111,MEURAH MULIA,
111110,1111,MATANGKULI,
111111,1111,PAYA BAKONG,
111112,1111,PIRAK TIMU,
111113,1111,COT GIREK,
111114,1111,TANAH JAMBO AYE,
111115,1111,LANGKAHAN,
111116,1111,SEUNUDON,
111117,1111,BAKTIYA,
111118,1111,BAKTIYA BARAT,
111119,1111,LHOKSUKON,
111120,1111,TANAH LUAS,
111121,1111,NIBONG,
111122,1111,SAMUDERA,
111123,1111,SYAMTALIRA ARON,
111124,1111,TANAH PASIR,
111125,1111,LAPANG,
111126,1111,MUARA BATU,
111127,1111,DEWANTARA,
111201,1112,MANGGENG,
111202,1112,LEMBAH SABIL,
111203,1112,TANGAN-TANGAN,
111204,1112,SETIA,
111205,1112,BLANG PIDIE,
111206,1112,JEUMPA,
111207,1112,SUSOH,
111208,1112,KUALA BATEE,
111209,1112,BABAH ROT,
111301,1113,KUTA PANJANG,
111302,1113,BLANG JERANGO,
111303,1113,BLANGKEJEREN,
111304,1113,PUTRI BETUNG,
111305,1113,DABUN GELANG,
111306,1113,BLANG PEGAYON,
111307,1113,PINING,
111308,1113,RIKIT GAIB,
111309,1113,PANTAN CUACA,
111310,1113,TERANGUN,
111311,1113,TRIPE JAYA,
111401,1114,TAMIANG HULU,
111402,1114,BANDAR PUSAKA,
111403,1114,KEJURUAN MUDA,
111404,1114,TENGGULUN,
111405,1114,RANTAU,
111406,1114,KOTA KUALA SIMPANG,
111407,1114,SEURUWAY,
111408,1114,BENDAHARA,
111409,1114,BANDA MULIA,
111410,1114,KARANG BARU,
111411,1114,SEKERAK,
111412,1114,MANYAK PAYED,
111501,1115,DARUL MAKMUR,
111502,1115,TRIPA MAKMUR,
111503,1115,KUALA,
111504,1115,KUALA PESISIR,
111505,1115,TADU RAYA,
111506,1115,BEUTONG,
111507,1115,BEUTONG ATEUH BANGGALANG,
111508,1115,SEUNAGAN,
111509,1115,SUKA MAKMUE,
111510,1115,SEUNAGAN TIMUR,
111601,1116,TEUNOM,
111602,1116,PASIE RAYA,
111603,1116,PANGA,
111604,1116,KRUENG SABEE,
111605,1116,SETIA BAKTI,
111606,1116,SAMPOINIET,
111607,1116,DARUL HIKMAH,
111608,1116,JAYA,
111609,1116,INDRA JAYA,
111701,1117,TIMANG GAJAH,
111702,1117,GAJAH PUTIH,
111703,1117,PINTU RIME GAYO,
111704,1117,BUKIT,
111705,1117,WIH PESAM,
111706,1117,BANDAR,
111707,1117,BENER KELIPAH,
111708,1117,SYIAH UTAMA,
111709,1117,MESIDAH,
111710,1117,PERMATA,
111801,1118,MEUREUDU,
111802,1118,MEURAH DUA,
111803,1118,BANDAR DUA,
111804,1118,JANGKA BUYA,
111805,1118,ULIM,
111806,1118,TRIENGGADENG,
111807,1118,PANTERAJA,
111808,1118,BANDAR BARU,
117101,1171,MEURAXA,
117102,1171,JAYA BARU,
117103,1171,BANDA RAYA,
117104,1171,BAITURRAHMAN,
117105,1171,LUENG BATA,
117106,1171,KUTA ALAM,
117107,1171,KUTA RAJA,
117108,1171,SYIAH KUALA,
117109,1171,ULEE KARENG,
117201,1172,SUKAJAYA,
117202,1172,SUKAKARYA,
117301,1173,LANGSA TIMUR,
117302,1173,LANGSA LAMA,
117303,1173,LANGSA BARAT,
117304,1173,LANGSA BARO,
117305,1173,LANGSA KOTA,
117401,1174,BLANG MANGAT,
117402,1174,MUARA DUA,
117403,1174,MUARA SATU,
117404,1174,BANDA SAKTI,
117501,1175,SIMPANG KIRI,
117502,1175,PENANGGALAN,
117503,1175,RUNDENG,
117504,1175,SULTAN DAULAT,
117505,1175,LONGKIB,
110109,1101,Simeulue Cut,
110110,1101,Teupah Tengah,
120101,1201,IDANO GAWO,
120102,1201,BAWOLATO,
120103,1201,ULUGAWO,
120104,1201,GIDO,
120105,1201,MA U,
120106,1201,SOMOLO - MOLO,
120107,1201,HILIDUHO,
120108,1201,HILI SERANGKAI,
120109,1201,BOTOMUZOI,
120201,1202,BATAHAN,
120202,1202,SINUNUKAN,
120203,1202,BATANG NATAL,
120205,1202,RANTO BAEK,
120206,1202,KOTANOPAN,
120207,1202,ULU PUNGKUT,
120208,1202,TAMBANGAN,
120209,1202,LEMBAH SORIK MARAPI,
120210,1202,PUNCAK SORIK MARAPI,
120211,1202,MUARA SIPONGI,
120212,1202,PAKANTAN,
120213,1202,PANYABUNGAN KOTA,
120214,1202,PANYABUNGAN SELATAN,
120215,1202,PANYABUNGAN BARAT,
120216,1202,PANYABUNGAN UTARA,
120217,1202,PANYABUNGAN TIMUR,
120218,1202,HUTA BARGOT,
120219,1202,NATAL,
120220,1202,MUARA BATANG GADIS,
120221,1202,SIABU,
120222,1202,BUKIT MALINTANG,
120223,1202,NAGA JUANG,
120301,1203,BATANG ANGKOLA,
120302,1203,SAYUR MATINGGI,
120303,1203,TANO TOMBANGAN ANGKOLA,
120304,1203,ANGKOLA TIMUR,
120305,1203,ANGKOLA SELATAN,
120306,1203,ANGKOLA BARAT,
120307,1203,ANGKOLA SANGKUNUR,
120308,1203,BATANG TORU,
120309,1203,MARANCAR,
120310,1203,MUARA BATANG TORU,
120311,1203,SIPIROK,
120312,1203,ARSE,
120313,1203,SAIPAR DOLOK HOLE,
120314,1203,AEK BILAH,
120315,1203,ANGKOLA MUARATAIS,
120401,1204,PINANG SORI,
120402,1204,BADIRI,
120403,1204,SIBABANGUN,
120404,1204,LUMUT,
120405,1204,SUKABANGUN,
120406,1204,PANDAN,
120407,1204,TUKKA,
120408,1204,SARUDIK,
120409,1204,TAPIAN NAULI,
120410,1204,SITAHUIS,
120411,1204,KOLANG,
120412,1204,SORKAM,
120413,1204,SORKAM BARAT,
120414,1204,PASARIBU TOBING,
120415,1204,BARUS,
120416,1204,SOSOR GADONG,
120417,1204,ANDAM DEWI,
120418,1204,BARUS UTARA,
120419,1204,MANDUAMAS,
120420,1204,SIRANDORUNG,
120501,1205,PARMONANGAN,
120502,1205,ADIAN KOTING,
120503,1205,SIPOHOLON,
120504,1205,TARUTUNG,
120505,1205,SIATAS BARITA,
120506,1205,PAHAE JULU,
120507,1205,PAHAE JAE,
120508,1205,PURBATUA,
120509,1205,SIMANGUMBAN,
120510,1205,PANGARIBUAN,
120511,1205,GAROGA,
120512,1205,SIPAHUTAR,
120513,1205,SIBORONG-BORONG,
120514,1205,PAGARAN,
120515,1205,MUARA,
120601,1206,BALIGE,
120602,1206,TAMPAHAN,
120603,1206,LAGUBOTI,
120604,1206,HABINSARAN,
120605,1206,BORBOR,
120606,1206,NASSAU,
120607,1206,SILAEN,
120608,1206,SIGUMPAR,
120609,1206,PORSEA,
120610,1206,PINTU POHAN MERANTI,
120611,1206,SIANTAR NARUMONDA,
120612,1206,PARMAKSIAN,
120613,1206,LUMBAN JULU,
120614,1206,ULUAN,
120615,1206,AJIBATA,
120616,1206,BONATUA LUNASI,
120701,1207,BILAH HULU,
120702,1207,PANGKATAN,
120703,1207,BILAH BARAT,
120704,1207,BILAH HILIR,
120705,1207,PANAI HULU,
120706,1207,PANAI TENGAH,
120707,1207,PANAI HILIR,
120708,1207,RANTAU SELATAN,
120709,1207,RANTAU UTARA,
120801,1208,BANDAR PASIR MANDOGE,
120802,1208,BANDAR PULAU,
120803,1208,AEK SONGSONGAN,
120804,1208,RAHUNING,
120805,1208,PULAU RAKYAT,
120806,1208,AEK KUASAN,
120807,1208,AEK LEDONG,
120808,1208,SEI KEPAYANG,
120809,1208,SEI KEPAYANG BARAT,
120810,1208,SEI KEPAYANG TIMUR,
120811,1208,TANJUNG BALAI,
120812,1208,SIMPANG EMPAT,
120813,1208,TELUK DALAM,
120814,1208,AIR BATU,
120815,1208,SEI DADAP,
120816,1208,BUNTU PANE,
120817,1208,TINGGI RAJA,
120818,1208,SETIA JANJI,
120819,1208,MERANTI,
120820,1208,PULO BANDRING,
120821,1208,RAWANG PANCA ARGA,
120822,1208,AIR JOMAN,
120823,1208,SILAU LAUT,
120824,1208,KISARAN BARAT,
120825,1208,KISARAN TIMUR,
120901,1209,SILIMAKUTA,
120902,1209,PEMATANG SILIMAHUTA,
120903,1209,PURBA,
120904,1209,HARANGGAOL HORISON,
120905,1209,DOLOK PARDAMEAN,
120906,1209,SIDAMANIK,
120907,1209,PEMATANG SIDAMANIK,
120908,1209,GIRSANG SIPANGAN BOLON,
120909,1209,TANAH JAWA,
120910,1209,HATONDUHAN,
120911,1209,DOLOK PANRIBUAN,
120912,1209,JORLANG HATARAN,
120913,1209,PANEI,
120914,1209,PANOMBEAN PANEI,
120915,1209,RAYA,
120916,1209,DOLOK SILAU,
120917,1209,SILAU KAHEAN,
120918,1209,RAYA KAHEAN,
120919,1209,TAPIAN DOLOK,
120920,1209,DOLOK BATU NANGGAR,
120921,1209,SIANTAR,
120922,1209,GUNUNG MALELA,
120923,1209,GUNUNG MALIGAS,
120924,1209,HUTABAYU RAJA,
120925,1209,JAWA MARAJA BAH JAMBI,
120926,1209,PEMATANG BANDAR,
120927,1209,BANDAR HULUAN,
120928,1209,BANDAR,
120929,1209,BANDAR MASILAM,
120930,1209,BOSAR MALIGAS,
120931,1209,UJUNG PADANG,
121001,1210,SIDIKALANG,
121002,1210,BERAMPU,
121003,1210,SITINJO,
121004,1210,PARBULUAN,
121005,1210,SUMBUL,
121006,1210,SILAHI SABUNGAN,
121007,1210,SILIMA PUNGGA-PUNGGA,
121008,1210,LAE PARIRA,
121009,1210,SIEMPAT NEMPU,
121010,1210,SIEMPAT NEMPU HULU,
121011,1210,SIEMPAT NEMPU HILIR,
121012,1210,TIGA LINGGA,
121013,1210,GUNUNG SITEMBER,
121014,1210,PEGAGAN HILIR,
121015,1210,TANAH PINEM,
121101,1211,MARDINGDING,
121102,1211,LAUBALENG,
121103,1211,TIGA BINANGA,
121104,1211,JUHAR,
121105,1211,MUNTE,
121106,1211,KUTA BULUH,
121107,1211,PAYUNG,
121108,1211,TIGANDERKET,
121109,1211,SIMPANG EMPAT,
121110,1211,NAMAN TERAN,
121111,1211,MERDEKA,
121112,1211,KABANJAHE,
121113,1211,BERASTAGI,
121114,1211,TIGAPANAH,
121115,1211,DOLAT RAYAT,
121116,1211,MEREK,
121117,1211,BARUSJAHE,
121201,1212,GUNUNG MERIAH,
121202,1212,SINEMBAH TANJUNG MUDA HULU,
121203,1212,SIBOLANGIT,
121204,1212,KUTALIMBARU,
121205,1212,PANCUR BATU,
121206,1212,NAMO RAMBE,
121207,1212,BIRU-BIRU,
121208,1212,SINEMBAH TANJUNG MUDA HILIR,
121209,1212,BANGUN PURBA,
121210,1212,GALANG,
121211,1212,TANJUNG MORAWA,
121212,1212,PATUMBAK,
121213,1212,DELI TUA,
121214,1212,SUNGGAL,
121215,1212,HAMPARAN PERAK,
121216,1212,LABUHAN DELI,
121217,1212,PERCUT SEI TUAN,
121218,1212,BATANG KUIS,
121219,1212,PANTAI LABU,
121220,1212,BERINGIN,
121221,1212,LUBUK PAKAM,
121222,1212,PAGAR MERBAU,
121301,1213,BOHOROK,
121302,1213,SIRAPIT,
121303,1213,SALAPIAN,
121304,1213,KUTAMBARU,
121305,1213,SEI BINGAI,
121306,1213,KUALA,
121307,1213,SELESAI,
121308,1213,BINJAI,
121309,1213,STABAT,
121310,1213,WAMPU,
121311,1213,BATANG SERANGAN,
121312,1213,SAWIT SEBERANG,
121313,1213,PADANG TUALANG,
121314,1213,HINAI,
121315,1213,SECANGGANG,
121316,1213,TANJUNG PURA,
121317,1213,GEBANG,
121318,1213,BABALAN,
121319,1213,SEI LEPAN,
121320,1213,BRANDAN BARAT,
121321,1213,BESITANG,
121322,1213,PANGKALAN SUSU,
121323,1213,PEMATANG JAYA,
121401,1214,HIBALA,
121402,1214,PULAU-PULAU BATU,
121403,1214,PULAU-PULAU BATU TIMUR,
121404,1214,TELUK DALAM,
121405,1214,FANAYAMA,
121406,1214,TOMA,
121407,1214,MANIAMOLO,
121408,1214,MAZINO,
121409,1214,AMANDRAYA,
121410,1214,ARAMO,
121411,1214,LAHUSA,
121412,1214,GOMO,
121413,1214,SUSUA,
121414,1214,MAZO,
121415,1214,UMBUNASI,
121416,1214,LOLOMATUA,
121417,1214,LOLOWAU,
121418,1214,HILIMEGAI,
121501,1215,PAKKAT,
121502,1215,ONAN GANJANG,
121503,1215,SIJAMA POLANG,
121504,1215,DOLOK SANGGUL,
121505,1215,LINTONG NIHUTA,
121506,1215,PARANGINAN,
121507,1215,BAKTI RAJA,
121508,1215,POLLUNG,
121509,1215,PARLILITAN,
121510,1215,TARA BINTANG,
121601,1216,SALAK,
121602,1216,SITELLU TALI URANG JEHE,
121603,1216,PAGINDAR,
121604,1216,SITELLU TALI URANG JULU,
121605,1216,PERGETTENG-GETTENG SENGKUT,
121606,1216,KERAJAAN,
121607,1216,TINADA,
121608,1216,SIEMPAT RUBE,
121701,1217,SIANJUR MULA MULA,
121702,1217,HARIAN,
121703,1217,SITIO-TIO,
121704,1217,ONAN RUNGGU,
121705,1217,NAINGGOLAN,
121706,1217,PALIPI,
121707,1217,RONGGUR NIHUTA,
121708,1217,PANGURURAN,
121709,1217,SIMANINDO,
121801,1218,KOTARIH,
121802,1218,SILINDA,
121803,1218,BINTANG BAYU,
121804,1218,DOLOK MASIHUL,
121805,1218,SERBAJADI,
121806,1218,SIPISPIS,
121807,1218,DOLOK MERAWAN,
121808,1218,TEBINGTINGGI,
121809,1218,TEBING SYAHBANDAR,
121810,1218,BANDAR KHALIPAH,
121811,1218,TANJUNG BERINGIN,
121812,1218,SEI RAMPAH,
121813,1218,SEI BAMBAN,
121814,1218,TELUK MENGKUDU,
121815,1218,PERBAUNGAN,
121816,1218,PEGAJAHAN,
121817,1218,PANTAI CERMIN,
121901,1219,SEI BALAI,
121902,1219,TANJUNG TIRAM,
121903,1219,TALAWI,
121904,1219,LIMAPULUH,
121905,1219,AIR PUTIH,
121906,1219,SEI SUKA,
121907,1219,MEDANG DERAS,
122001,1220,BATANG ONANG,
122002,1220,PADANG BOLAK JULU,
122003,1220,PORTIBI,
122004,1220,PADANG BOLAK,
122005,1220,SIMANGAMBAT,
122006,1220,HALONGONAN,
122007,1220,DOLOK,
122008,1220,DOLOK SIGOMPULON,
122009,1220,HULU SIHAPAS,
122101,1221,SOSOPAN,
122102,1221,ULU BARUMUN,
122103,1221,BARUMUN,
122104,1221,BARUMUN SELATAN,
122105,1221,LUBUK BARUMUN,
122106,1221,SOSA,
122107,1221,BATANG LUBU SUTAM,
122108,1221,HUTA RAJA TINGGI,
122109,1221,HURISTAK,
122110,1221,BARUMUN TENGAH,
122111,1221,AEK NABARA BARUMUN,
122201,1222,SUNGAI KANAN,
122202,1222,TORGAMBA,
122203,1222,KOTA PINANG,
122204,1222,SILANGKITANG,
122205,1222,KAMPUNG RAKYAT,
122301,1223,NA IX-X,
122302,1223,MARBAU,
122303,1223,AEK KUO,
122304,1223,AEK NATAS,
122305,1223,KUALUH SELATAN,
122306,1223,KUALUH HILIR,
122307,1223,KUALUH HULU,
122308,1223,KUALUH LEIDONG,
122401,1224,TUGALA OYO,
122402,1224,ALASA,
122403,1224,ALASA TALU MUZOI,
122404,1224,NAMOHALU ESIWA,
122405,1224,SITOLU ORI,
122406,1224,TUHEMBERUA,
122407,1224,SAWO,
122408,1224,LOTU,
122409,1224,LAHEWA TIMUR,
122410,1224,AFULU,
122411,1224,LAHEWA,
122501,1225,SIROMBU,
122502,1225,LAHOMI,
122503,1225,ULU MORO O,
122504,1225,LOLOFITU MOI,
122505,1225,MANDREHE UTARA,
122506,1225,MANDREHE,
122507,1225,MANDREHE BARAT,
122508,1225,MORO O,
127101,1271,SIBOLGA UTARA,
127102,1271,SIBOLGA KOTA,
127103,1271,SIBOLGA SELATAN,
127104,1271,SIBOLGA SAMBAS,
127201,1272,DATUK BANDAR,
127202,1272,DATUK BANDAR TIMUR,
127203,1272,TANJUNG BALAI SELATAN,
127204,1272,TANJUNG BALAI UTARA,
127205,1272,SEI TUALANG RASO,
127206,1272,TELUK NIBUNG,
127301,1273,SIANTAR MARIHAT,
127302,1273,SIANTAR MARIMBUN,
127303,1273,SIANTAR SELATAN,
127304,1273,SIANTAR BARAT,
127305,1273,SIANTAR UTARA,
127306,1273,SIANTAR TIMUR,
127307,1273,SIANTAR MARTOBA,
127308,1273,SIANTAR SITALASARI,
127401,1274,PADANG HULU,
127402,1274,TEBING TINGGI KOTA,
127403,1274,RAMBUTAN,
127404,1274,BAJENIS,
127405,1274,PADANG HILIR,
127501,1275,MEDAN TUNTUNGAN,
127502,1275,MEDAN JOHOR,
127503,1275,MEDAN AMPLAS,
127504,1275,MEDAN DENAI,
127505,1275,MEDAN AREA,
127506,1275,MEDAN KOTA,
127507,1275,MEDAN MAIMUN,
127508,1275,MEDAN POLONIA,
127509,1275,MEDAN BARU,
127510,1275,MEDAN SELAYANG,
127511,1275,MEDAN SUNGGAL,
127512,1275,MEDAN HELVETIA,
127513,1275,MEDAN PETISAH,
127514,1275,MEDAN BARAT,
127515,1275,MEDAN TIMUR,
127516,1275,MEDAN PERJUANGAN,
127517,1275,MEDAN TEMBUNG,
127518,1275,MEDAN DELI,
127519,1275,MEDAN LABUHAN,
127520,1275,MEDAN MARELAN,
127521,1275,MEDAN BELAWAN,
127601,1276,BINJAI SELATAN,
127602,1276,BINJAI KOTA,
127603,1276,BINJAI TIMUR,
127604,1276,BINJAI UTARA,
127605,1276,BINJAI BARAT,
127701,1277,PADANGSIDIMPUAN TENGGARA,
127702,1277,PADANGSIDIMPUAN SELATAN,
127703,1277,PADANGSIDIMPUAN BATUNADUA,
127704,1277,PADANGSIDIMPUAN UTARA,
127705,1277,PADANGSIDIMPUAN HUTAIMBARU,
127706,1277,PADANGSIDIMPUAN ANGKOLA JULU,
127801,1278,GUNUNGSITOLI IDANOI,
127802,1278,GUNUNGSITOLI SELATAN,
127803,1278,GUNUNGSITOLI BARAT,
127804,1278,GUNUNG SITOLI,
127805,1278,GUNUNGSITOLI ALO OA,
127806,1278,GUNUNGSITOLI UTARA,
121419,1214,Boronadu,
121420,1214,Hilisalawaahe,
121421,1214,Huruna,
121422,1214,Idanotae,
121423,1214,Luahagundre,
121424,1214,Onohazumba,
121425,1214,Onolalu,
121426,1214,Oou,
121427,1214,Pulau-pulau Batu Barat,
121428,1214,Pulau-pulau Batu Utara,
121429,1214,Siduaori,
121430,1214,Simuk,
121431,1214,Somambawa,
121432,1214,Tanah Masa,
121433,1214,Ulu Idanotae,
121434,1214,Ulunoyo,
121435,1214,Ulususua,
122112,1221,Sihapas Barumun,
122010,1220,HALONGONAN Timur,
122011,1220,Padang Bolak Tenggara,
122012,1220,Ujung Batu,
120110,1201,Sogaeadu,
130101,1301,PAGAI SELATAN,
130102,1301,SIKAKAP,
130103,1301,PAGAI UTARA,
130104,1301,SIPORA SELATAN,
130105,1301,SIPORA UTARA,
130106,1301,SIBERUT SELATAN,
130107,1301,SEBERUT BARAT DAYA,
130108,1301,SIBERUT TENGAH,
130109,1301,SIBERUT UTARA,
130110,1301,SIBERUT BARAT,
130201,1302,LUNANG SILAUT,
130202,1302,BASA AMPEK BALAI TAPAN,
130203,1302,PANCUNG SOAL,
130204,1302,LINGGO SARI BAGANTI,
130205,1302,RANAH PESISIR,
130206,1302,LENGAYANG,
130207,1302,SUTERA,
130208,1302,BATANG KAPAS,
130209,1302,IV JURAI,
130210,1302,BAYANG,
130211,1302,IV NAGARI BAYANG UTARA,
130212,1302,KOTO XI TARUSAN,
130301,1303,PANTAI CERMIN,
130302,1303,LEMBAH GUMANTI,
130303,1303,HILIRAN GUMANTI,
130304,1303,PAYUNG SEKAKI,
130305,1303,TIGO LURAH,
130306,1303,LEMBANG JAYA,
130307,1303,DANAU KEMBAR,
130308,1303,GUNUNG TALANG,
130309,1303,BUKIT SUNDI,
130310,1303,IX KOTO SUNGAI LASI,
130311,1303,KUBUNG,
130312,1303,X KOTO DIATAS,
130313,1303,X KOTO SINGKARAK,
130314,1303,JUNJUNG SIRIH,
130401,1304,KAMANG BARU,
130402,1304,TANJUNG GADANG,
130403,1304,SIJUNJUNG,
130404,1304,LUBUK TAROK,
130405,1304,IV NAGARI,
130406,1304,KUPITAN,
130407,1304,KOTO TUJUH,
130408,1304,SUMPUR KUDUS,
130501,1305,SEPULUH KOTO,
130502,1305,BATIPUH,
130503,1305,BATIPUH SELATAN,
130504,1305,PARIANGAN,
130505,1305,RAMBATAN,
130506,1305,LIMA KAUM,
130507,1305,TANJUNG EMAS,
130508,1305,PADANG GANTING,
130509,1305,LINTAU BUO,
130510,1305,LINTAU BUO UTARA,
130511,1305,SUNGAYANG,
130512,1305,SUNGAI TARAB,
130513,1305,SALIMPAUNG,
130514,1305,TANJUNG BARU,
130601,1306,BATANG ANAI,
130602,1306,LUBUK ALUNG,
130603,1306,SINTUK TOBOH GADANG,
130604,1306,ULAKAN TAPAKIS,
130605,1306,NAN SABARIS,
130606,1306,2 x 11 Anam Lingkuang,
130607,1306,ENAM LINGKUNG,
130608,1306,2 X 11 KAYU TANAM,
130609,1306,VII KOTO SUNGAI SARIAK,
130610,1306,PATAMUAN,
130611,1306,PADANG SAGO,
130612,1306,V KOTO KP DALAM,
130613,1306,V KOTO TIMUR,
130614,1306,SUNGAI LIMAU,
130615,1306,BATANG GASAN,
130616,1306,SUNGAI GERINGGING,
130617,1306,IV KOTO AUR MALINTANG,
130701,1307,TANJUNG MUTIARA,
130702,1307,LUBUK BASUNG,
130703,1307,AMPEK NAGARI,
130704,1307,TANJUNG RAYA,
130705,1307,MATUR,
130706,1307,IV KOTO,
130707,1307,MALALAK,
130708,1307,BANUHAMPU,
130709,1307,SUNGAI PUA,
130710,1307,AMPEK ANGKEK,
130711,1307,CANDUANG,
130712,1307,BASO,
130713,1307,TILATANG KAMANG,
130714,1307,KAMANG MAGEK,
130715,1307,PALEMBAYAN,
130716,1307,PALUPUH,
130801,1308,PAYAKUMBUH,
130802,1308,AKABILURU,
130803,1308,LUAK,
130804,1308,LAREH SAGO HALABAN,
130805,1308,SITUJUAH LIMO NAGARI,
130806,1308,HARAU,
130807,1308,GUGUAK,
130808,1308,MUNGKA,
130809,1308,SULIKI,
130810,1308,BUKIK BARISAN,
130811,1308,GUNUANG OMEH,
130812,1308,KAPUR IX,
130813,1308,PANGKALAN KOTO BARU,
130901,1309,BONJOL,
130902,1309,TIGO NAGARI,
130903,1309,SIMPANG ALAHAN MATI,
130904,1309,LUBUK SIKAPING,
130905,1309,DUA KOTO,
130906,1309,PANTI,
130907,1309,PADANG GELUGUR,
130909,1309,MAPAT TUNGGUL,
130910,1309,MAPAT TUNGGUL SELATAN,
130911,1309,RAO SELATAN,
130912,1309,RAO UTARA,
131001,1310,SANGIR,
131002,1310,SANGIR JUJUAN,
131003,1310,SANGIR BALAI JANGGO,
131004,1310,SANGIR BATANG HARI,
131005,1310,SUNGAI PAGU,
131006,1310,PAUAH DUO,
131007,1310,KOTO PARIK GADANG DIATEH,
131101,1311,SUNGAI RUMBAI,
131102,1311,KOTO BESAR,
131103,1311,ASAM JUJUHAN,
131104,1311,KOTO BARU,
131105,1311,KOTO SALAK,
131106,1311,TIUMANG,
131107,1311,PADANG LAWEH,
131108,1311,SITIUNG,
131109,1311,TIMPEH,
131110,1311,PULAU PUNJUNG,
131111,1311,IX KOTO,
131201,1312,SUNGAI BEREMAS,
131202,1312,RANAH BATAHAN,
131203,1312,KOTO BALINGKA,
131204,1312,SUNGAI AUR,
131205,1312,LEMBAH MALINTANG,
131206,1312,GUNUNG TULEH,
131207,1312,TALAMAU,
131208,1312,PASAMAN,
131209,1312,LUHAK NAN DUO,
131210,1312,SASAK RANAH PASISIE,
131211,1312,KINALI,
137101,1371,BUNGUS TELUK KABUNG,
137102,1371,LUBUK KILANGAN,
137103,1371,LUBUK BEGALUNG,
137104,1371,PADANG SELATAN,
137105,1371,PADANG TIMUR,
137106,1371,PADANG BARAT,
137107,1371,PADANG UTARA,
137108,1371,NANGGALO,
137109,1371,KURANJI,
137110,1371,PAUH,
137111,1371,KOTO TANGAH,
137201,1372,LUBUK SIKARAH,
137202,1372,TANJUNG HARAPAN,
137301,1373,SILUNGKANG,
137302,1373,LEMBAH SEGAR,
137303,1373,BARANGIN,
137304,1373,TALAWI,
137401,1374,PADANG PANJANG BARAT,
137402,1374,PADANG PANJANG TIMUR,
137501,1375,GUGUK PANJANG,
137502,1375,MANDIANGIN KOTO SELAYAN,
137503,1375,AUR BIRUGO TIGO BALEH,
137601,1376,PAYAKUMBUH BARAT,
137602,1376,PAYAKUMBUH SELATAN,
137603,1376,PAYAKUMBUH TIMUR,
137604,1376,PAYAKUMBUH UTARA,
137605,1376,LAMPOSI TIGO NAGORI,
137701,1377,PARIAMAN SELATAN,
137702,1377,PARIAMAN TENGAH,
137703,1377,PARIAMAN TIMUR,
137704,1377,PARIAMAN UTARA,
130213,1302,Air Pura,
130214,1302,Lunang,
130215,1302,Ranah Ampek Hulu Tapan,
130216,1302,Silaut,
140101,1401,KUANTAN MUDIK,
140102,1401,HULU KUANTAN,
140103,1401,GUNUNG TOAR,
140104,1401,SINGINGI,
140105,1401,SINGINGI HILIR,
140106,1401,KUANTAN TENGAH,
140107,1401,BENAI,
140108,1401,KUANTAN HILIR,
140109,1401,PANGEAN,
140110,1401,LOGAS TANAH DARAT,
140111,1401,CERENTI,
140112,1401,INUMAN,
140201,1402,PERANAP,
140202,1402,BATANG PERANAP,
140203,1402,SEBERIDA,
140204,1402,BATANG CENAKU,
140205,1402,BATANG GANSAL,
140206,1402,KELAYANG,
140207,1402,RAKIT KULIM,
140208,1402,PASIR PENYU,
140209,1402,LIRIK,
140210,1402,SUNGAI LALA,
140211,1402,LUBUK BATU JAYA,
140212,1402,RENGAT BARAT,
140213,1402,RENGAT,
140214,1402,KUALA CENAKU,
140301,1403,KERITANG,
140302,1403,KEMUNING,
140303,1403,RETEH,
140304,1403,SUNGAI BATANG,
140305,1403,ENOK,
140306,1403,TANAH MERAH,
140307,1403,KUALA INDRAGIRI,
140308,1403,CONCONG,
140309,1403,TEMBILAHAN,
140310,1403,TEMBILAHAN HULU,
140311,1403,TEMPULING,
140312,1403,KEMPAS,
140313,1403,BATANG TUAKA,
140314,1403,GAUNG ANAK SERKA,
140315,1403,GAUNG,
140316,1403,MANDAH,
140317,1403,KATEMAN,
140318,1403,PELANGIRAN,
140319,1403,TELUK BELENGKONG,
140320,1403,PULAU BURUNG,
140401,1404,LANGGAM,
140402,1404,PANGKALAN KERINCI,
140403,1404,BANDAR SEIKIJANG,
140404,1404,PANGKALAN KURAS,
140405,1404,UKUI,
140406,1404,PANGKALAN LESUNG,
140407,1404,BUNUT,
140408,1404,PELALAWAN,
140409,1404,BANDAR PETALANGAN,
140410,1404,KUALA KAMPAR,
140411,1404,KERUMUTAN,
140412,1404,TELUK MERANTI,
140501,1405,MINAS,
140502,1405,SUNGAI MANDAU,
140503,1405,KANDIS,
140504,1405,SIAK,
140505,1405,KERINCI KANAN,
140506,1405,TUALANG,
140507,1405,DAYUN,
140508,1405,LUBUK DALAM,
140509,1405,KOTO GASIB,
140510,1405,MEMPURA,
140511,1405,SUNGAI APIT,
140512,1405,BUNGA RAYA,
140513,1405,SABAK AUH,
140514,1405,PUSAKO,
140601,1406,KAMPAR KIRI,
140602,1406,KAMPAR KIRI HULU,
140603,1406,KAMPAR KIRI HILIR,
140604,1406,GUNUNG SAHILAN,
140605,1406,KAMPAR KIRI TENGAH,
140606,1406,XIII KOTO KAMPAR,
140607,1406,KOTO KAMPAR HULU,
140608,1406,BANGKINANG BARAT,
140609,1406,SALO,
140610,1406,TAPUNG,
140611,1406,TAPUNG HULU,
140612,1406,TAPUNG HILIR,
140613,1406,BANGKINANG,
140614,1406,BANGKINANG SEBERANG,
140615,1406,KAMPAR,
140616,1406,KAMPAR TIMUR,
140617,1406,RUMBIO JAYA,
140618,1406,KAMPAR UTARA,
140619,1406,TAMBANG,
140620,1406,SIAK HULU,
140621,1406,PERHENTIAN RAJA,
140701,1407,ROKAN IV KOTO,
140702,1407,PENDALIAN IV KOTO,
140703,1407,TANDUN,
140704,1407,KABUN,
140705,1407,UJUNG BATU,
140706,1407,RAMBAH SAMO,
140707,1407,RAMBAH,
140708,1407,RAMBAH HILIR,
140709,1407,BANGUN PURBA,
140710,1407,TAMBUSAI,
140711,1407,TAMBUSAI UTARA,
140712,1407,KEPENUHAN,
140713,1407,KEPENUHAN HULU,
140714,1407,KUNTO DARUSSALAM,
140715,1407,PAGARAN TAPAH DARUSSALAM,
140716,1407,BONAI DARUSSALAM,
140801,1408,MANDAU,
140802,1408,PINGGIR,
140803,1408,BUKIT BATU,
140804,1408,SIAK KECIL,
140805,1408,RUPAT,
140806,1408,RUPAT UTARA,
140807,1408,BENGKALIS,
140808,1408,BANTAN,
140901,1409,TANAH PUTIH,
140902,1409,PUJUD,
140903,1409,TANAH PUTIH TANJUNG MELAWAN,
140904,1409,RANTAU KOPAR,
140905,1409,BAGAN SINEMBAH,
140906,1409,SIMPANG KANAN,
140907,1409,KUBU,
140908,1409,PASIR LIMAU KAPAS,
140909,1409,BANGKO,
140910,1409,SINABOI,
140911,1409,BATU HAMPAR,
140912,1409,PEKAITAN,
140913,1409,RIMBA MELINTANG,
140914,1409,BANGKO PUSAKO,
141001,1410,TEBING TINGGI BARAT,
141002,1410,TEBING TINGGI,
141003,1410,TEBING TINGGI TIMUR,
141004,1410,RANGSANG,
141005,1410,RANGSANG BARAT,
141006,1410,MERBAU,
141007,1410,PULAU MERBAU,
147101,1471,TAMPAN,
147102,1471,PAYUNG SEKAKI,
147103,1471,BUKIT RAYA,
147104,1471,MARPOYAN DAMAI,
147105,1471,TENAYAN RAYA,
147106,1471,LIMAPULUH,
147107,1471,SAIL,
147108,1471,PEKANBARU KOTA,
147109,1471,SUKAJADI,
147110,1471,SENAPELAN,
147111,1471,RUMBAI,
147112,1471,RUMBAI PESISIR,
147301,1473,BUKIT KAPUR,
147302,1473,MEDANG KAMPAI,
147303,1473,SUNGAI SEMBILAN,
147304,1473,DUMAI BARAT,
147305,1473,DUMAI TIMUR,
140622,1406,Bangkinang Kota,
140623,1406,Kampa,
140624,1406,Kuok,
140915,1409,Balai Jaya,
140916,1409,Kubu Babussalam,
140917,1409,Tanjung Medan,
140809,1408,Bandar Laksamana,
140810,1408,Bathin Solapan,
140811,1408,Talang Muandau,
140113,1401,Kuantan Hilir Seberang,
140114,1401,Pucuk Rantau,
140115,1401,Sentajo Raya,
147306,1473,Dumai Kota,
147307,1473,Dumai Selatan,
141008,1410,Rangsang Pesisir,
141009,1410,Tasik Putri Puyu,
150101,1501,GUNUNG RAYA,
150102,1501,BATANG MERANGIN,
150103,1501,KELILING DANAU,
150104,1501,DANAU KERINCI,
150105,1501,SITINJAU LAUT,
150106,1501,AIR HANGAT,
150107,1501,AIR HANGAT TIMUR,
150108,1501,DEPATI VII,
150109,1501,GUNUNG KERINCI,
150110,1501,SIULAK,
150111,1501,KAYU ARO,
150112,1501,GUNUNG TUJUH,
150201,1502,JANGKAT,
150202,1502,SUNGAI TENANG,
150203,1502,MUARA SIAU,
150204,1502,LEMBAH MASURAI,
150205,1502,TIANG PUMPUNG,
150206,1502,PAMENANG,
150207,1502,PAMENANG BARAT,
150208,1502,RENAH PAMENANG,
150209,1502,PAMENANG SELATAN,
150210,1502,BANGKO,
150211,1502,BANGKO BARAT,
150212,1502,NALO TANTAN,
150213,1502,BATANG MASUMAI,
150214,1502,SUNGAI MANAU,
150215,1502,RENAH PEMBARAP,
150216,1502,PANGKALAN JAMBU,
150217,1502,TABIR,
150218,1502,TABIR ULU,
150219,1502,TABIR SELATAN,
150220,1502,TABIR ILIR,
150221,1502,TABIR TIMUR,
150222,1502,TABIR LINTAS,
150223,1502,MARGO TABIR,
150224,1502,TABIR BARAT,
150301,1503,BATANG ASAI,
150302,1503,LIMUN,
150303,1503,CERMIN NAN GEDANG,
150304,1503,PELAWAN,
150305,1503,SINGKUT,
150306,1503,SAROLANGUN,
150307,1503,BATHIN VIII,
150308,1503,PAUH,
150309,1503,AIR HITAM,
150310,1503,MANDIANGIN,
150401,1504,MERSAM,
150402,1504,MARO SEBO ULU,
150403,1504,BATIN XXIV,
150404,1504,MUARA TEMBESI,
150405,1504,MUARA BULIAN,
150406,1504,BAJUBANG,
150407,1504,MARO SEBO ILIR,
150408,1504,PEMAYUNG,
150501,1505,MESTONG,
150502,1505,SUNGAI BAHAR,
150503,1505,BAHAR SELATAN,
150504,1505,BAHAR UTARA,
150505,1505,KUMPEH ULU,
150506,1505,SUNGAI GELAM,
150507,1505,KUMPEH,
150508,1505,MARO SEBO,
150509,1505,TAMAN RAJO,
150510,1505,JAMBI LUAR KOTA,
150511,1505,SEKERNAN,
150601,1506,MENDAHARA,
150602,1506,MENDAHARA ULU,
150603,1506,GERAGAI,
150604,1506,DENDANG,
150605,1506,MUARA SABAK BARAT,
150606,1506,MUARA SABAK TIMUR,
150607,1506,KUALA JAMBI,
150608,1506,RANTAU RASAU,
150609,1506,BERBAK,
150610,1506,NIPAH PANJANG,
150611,1506,SADU,
150701,1507,TUNGKAL ULU,
150702,1507,MERLUNG,
150703,1507,BATANG ASAM,
150704,1507,TEBING TINGGI,
150705,1507,RENAH MENDALUH,
150706,1507,MUARA PAPALIK,
150707,1507,PENGABUAN,
150708,1507,SENYERANG,
150709,1507,TUNGKAL ILIR,
150710,1507,BRAM ITAM,
150711,1507,SEBERANG KOTA,
150712,1507,BETARA,
150713,1507,KUALA BETARA,
150801,1508,TEBO ILIR,
150802,1508,MUARA TABIR,
150803,1508,TEBO TENGAH,
150804,1508,SUMAY,
150805,1508,TENGAH ILIR,
150806,1508,RIMBO BUJANG,
150807,1508,RIMBO ULU,
150808,1508,RIMBO ILIR,
150809,1508,TEBO ULU,
150810,1508,VII KOTO,
150811,1508,SERAI SERUMPUN,
150812,1508,VII KOTO ILIR,
150901,1509,PELEPAT,
150902,1509,PELEPAT ILIR,
150903,1509,BATHIN II BABEKO,
150904,1509,RIMBO TENGAH,
150905,1509,BUNGO DANI,
150906,1509,PASAR MUARA BUNGO,
150907,1509,BATHIN III,
150908,1509,RANTAU PANDAN,
150909,1509,MUKO-MUKO BATHIN VII,
150910,1509,BATHIN III ULU,
150911,1509,TANAH SEPENGGAL,
150912,1509,TANAH SEPENGGAL LINTAS,
150913,1509,TANAH TUMBUH,
150914,1509,LIMBUR LUBUK MENGKUANG,
150915,1509,BATHIN II PELAYANG,
150916,1509,JUJUHAN,
150917,1509,JUJUHAN ILIR,
157101,1571,KOTA BARU,
157102,1571,JAMBI SELATAN,
157103,1571,JELUTUNG,
157104,1571,PASAR JAMBI,
157105,1571,TELANAIPURA,
157106,1571,DANAU TELUK,
157107,1571,PELAYANGAN,
157108,1571,JAMBI TIMUR,
157201,1572,TANAH KAMPUNG,
157202,1572,KUMUN DEBAI,
157203,1572,SUNGAI PENUH,
157204,1572,HAMPARAN RAWANG,
157205,1572,PESISIR BUKIT,
157109,1571,Alam Barajo,
157110,1571,Danau Sipin,
157111,1571,Pal Merah,
150225,1502,Jangkat Timur,
150113,1501,Kayu Aro Barat,
150114,1501,Bukit Kerman,
150115,1501,Siulak Mukai,
157206,1572,Pondok Tinggi,
157207,1572,Sungai Bungkal,
157208,1572,Koto Baru,
160101,1601,LENGKITI,
160102,1601,SOSOH BUAY RAYAP,
160103,1601,PENGANDONAN,
160104,1601,SEMIDANG AJI,
160105,1601,ULU OGAN,
160106,1601,MUARA JAYA,
160107,1601,PENINJAUAN,
160108,1601,LUBUK BATANG,
160109,1601,SINAR PENINJAUAN,
160110,1601,BATU RAJA TIMUR,
160111,1601,LUBUK RAJA,
160112,1601,BATU RAJA BARAT,
160201,1602,LEMPUING,
160202,1602,LEMPUING JAYA,
160203,1602,MESUJI,
160204,1602,SUNGAI MENANG,
160205,1602,MESUJI MAKMUR,
160206,1602,MESUJI RAYA,
160207,1602,TULUNG SELAPAN,
160208,1602,CENGAL,
160209,1602,PEDAMARAN,
160210,1602,PEDAMARAN TIMUR,
160211,1602,TANJUNG LUBUK,
160212,1602,TELUK GELAM,
160213,1602,KOTA KAYU AGUNG,
160214,1602,SIRAH PULAU PADANG,
160215,1602,JEJAWI,
160216,1602,PAMPANGAN,
160217,1602,PANGKALAN LAPAM,
160218,1602,AIR SUGIHAN,
160301,1603,SEMENDE DARAT LAUT,
160302,1603,SEMENDE DARAT ULU,
160303,1603,SEMENDE DARAT TENGAH,
160304,1603,TANJUNG AGUNG,
160305,1603,RAMBANG,
160306,1603,LUBAI,
160307,1603,LAWANG KIDUL,
160308,1603,MUARA ENIM,
160309,1603,UJAN MAS,
160310,1603,GUNUNG MEGANG,
160311,1603,BENAKAT,
160312,1603,RAMBANG DANGKU,
160313,1603,TALANG UBI,
160314,1603,PENUKAL,
160315,1603,TANAH ABANG,
160316,1603,PENUKAL UTARA,
160317,1603,ABAB,
160318,1603,GELUMBANG,
160319,1603,LEMBAK,
160320,1603,SUNGAI ROTAN,
160321,1603,MUARA BELIDA,
160322,1603,KELEKAR,
160401,1604,TANJUNG SAKTI PUMI,
160402,1604,TANJUNG SAKTI PUMU,
160403,1604,KOTA AGUNG,
160404,1604,MULAK ULU,
160405,1604,TANJUNG TEBAT,
160406,1604,PULAU PINANG,
160407,1604,PAGAR GUNUNG,
160408,1604,GUMAY ULU,
160409,1604,JARAI,
160410,1604,PAJAR BULAN,
160411,1604,MUARA PAYANG,
160412,1604,KIKIM BARAT,
160413,1604,KIKIM TIMUR,
160414,1604,KIKIM SELATAN,
160415,1604,KIKIM TENGAH,
160416,1604,LAHAT,
160417,1604,GUMAY TALANG,
160418,1604,PSEKSU,
160419,1604,MERAPI BARAT,
160420,1604,MERAPI TIMUR,
160421,1604,MERAPI SELATAN,
160501,1605,RAWAS ULU,
160502,1605,ULU RAWAS,
160503,1605,RUPIT,
160504,1605,KARANG JAYA,
160505,1605,SUKU TENGAH LAKITAN ULU,
160506,1605,SELANGIT,
160507,1605,SUMBER HARTA,
160508,1605,TUGUMULYO,
160509,1605,PURWODADI,
160510,1605,MUARA BELITI,
160511,1605,TIANG PUMPUNG KEPUNGUT,
160512,1605,JAYALOKA,
160513,1605,SUKA KARYA,
160514,1605,MUARA KELINGI,
160515,1605,BULANG TENGAH SUKU ULU,
160516,1605,TUAH NEGERI,
160517,1605,MUARA LAKITAN,
160518,1605,MEGANG SAKTI,
160519,1605,RAWAS ILIR,
160520,1605,KARANG DAPO,
160521,1605,NIBUNG,
160601,1606,SANGA DESA,
160602,1606,BABAT TOMAN,
160603,1606,BATANGHARI LEKO,
160604,1606,PLAKAT TINGGI,
160605,1606,LAWANG WETAN,
160606,1606,SUNGAI KERUH,
160607,1606,SEKAYU,
160608,1606,LAIS,
160609,1606,SUNGAI LILIN,
160610,1606,KELUANG,
160611,1606,BABAT SUPAT,
160612,1606,BAYUNG LENCIR,
160613,1606,LALAN,
160614,1606,TUNGKAL JAYA,
160701,1607,RANTAU BAYUR,
160702,1607,BETUNG,
160703,1607,SUAK TAPEH,
160704,1607,PULAU RIMAU,
160705,1607,TUNGKAL ILIR,
160706,1607,BANYUASIN III,
160707,1607,SEMBAWA,
160708,1607,TALANG KELAPA,
160709,1607,TANJUNG LAGO,
160710,1607,BANYUASIN I,
160711,1607,RAMBUTAN,
160712,1607,MUARA PADANG,
160713,1607,MUARA SUGIHAN,
160714,1607,MAKARTI JAYA,
160715,1607,AIR SALEK,
160716,1607,BANYUASIN II,
160717,1607,MUARA TELANG,
160801,1608,MEKAKAU ILIR,
160802,1608,BANDING AGUNG,
160803,1608,WARKUK RANAU SELATAN,
160804,1608,BUAY PEMATANG RIBU RANAU TENGAH,
160805,1608,BUAY PEMACA,
160806,1608,SIMPANG,
160807,1608,BUANA PEMACA,
160808,1608,MUARADUA,
160809,1608,BUAY RAWAN,
160810,1608,BUAY SANDANG AJI,
160811,1608,TIGA DIHAJI,
160812,1608,BUAY RUNJUNG,
160813,1608,RUNJUNG AGUNG,
160814,1608,KISAM TINGGI,
160815,1608,MUARADUA KISAM,
160816,1608,KISAM ILIR,
160817,1608,PULAU BERINGIN,
160818,1608,SINDANG DANAU,
160819,1608,SUNGAI ARE,
160901,1609,MARTAPURA,
160902,1609,BUNGA MAYANG,
160903,1609,JAYA PURA,
160904,1609,BUAY PEMUKA PELIUNG,
160905,1609,BUAY MADANG,
160906,1609,BUAY MADANG TIMUR,
160907,1609,BUAY PEMUKA BANGSA RAJA,
160908,1609,MADANG SUKU II,
160909,1609,MADANG SUKU III,
160910,1609,MADANG SUKU I,
160911,1609,BELITANG MADANG RAYA,
160912,1609,BELITANG,
160913,1609,BELITANG JAYA,
160914,1609,BELITANG III,
160915,1609,BELITANG II,
160916,1609,BELITANG MULYA,
160917,1609,SEMENDAWAI SUKU III,
160918,1609,SEMENDAWAI TIMUR,
160919,1609,CEMPAKA,
160920,1609,SEMENDAWAI BARAT,
161001,1610,MUARA KUANG,
161002,1610,RAMBANG KUANG,
161003,1610,LUBUK KELIAT,
161004,1610,TANJUNG BATU,
161005,1610,PAYARAMAN,
161006,1610,RANTAU ALAI,
161007,1610,KANDIS,
161008,1610,TANJUNG RAJA,
161009,1610,RANTAU PANJANG,
161010,1610,SUNGAI PINANG,
161011,1610,PEMULUTAN,
161012,1610,PEMULUTAN SELATAN,
161013,1610,PEMULUTAN BARAT,
161014,1610,INDRALAYA,
161015,1610,INDRALAYA UTARA,
161016,1610,INDRALAYA SELATAN,
161101,1611,MUARA PINANG,
161102,1611,LINTANG KANAN,
161103,1611,PENDOPO,
161104,1611,PASEMAH AIR KERUH,
161105,1611,ULU MUSI,
161106,1611,SIKAP DALAM,
161107,1611,TALANG PADANG,
161108,1611,TEBING TINGGI,
167101,1671,ILIR BARAT II,
167102,1671,GANDUS,
167103,1671,SEBERANG ULU I,
167104,1671,KERTAPATI,
167105,1671,SEBERANG ULU II,
167106,1671,PLAJU,
167107,1671,ILIR BARAT I,
167108,1671,BUKIT KECIL,
167109,1671,ILIR TIMUR I,
167110,1671,KEMUNING,
167111,1671,ILIR TIMUR II,
167112,1671,KALIDONI,
167113,1671,SAKO,
167114,1671,SEMATANG BORANG,
167115,1671,SUKARAMI,
167116,1671,ALANG ALANG LEBAR,
167201,1672,RAMBANG KAPAK TENGAH,
167202,1672,PRABUMULIH TIMUR,
167203,1672,PRABUMULIH SELATAN,
167204,1672,PRABUMULIH BARAT,
167205,1672,PRABUMULIH UTARA,
167206,1672,CAMBAI,
167301,1673,DEMPO SELATAN,
167302,1673,DEMPO TENGAH,
167303,1673,DEMPO UTARA,
167304,1673,PAGAR ALAM SELATAN,
167305,1673,PAGAR ALAM UTARA,
167401,1674,LBK LNGG BARAT I,
167402,1674,LBK LNGG BARAT II,
167403,1674,LBK LNGG SELATAN I,
167404,1674,LBK LNGG SELATAN II,
167405,1674,LBK LNGG TIMUR I,
167406,1674,LBK LNGG TIMUR II,
167407,1674,LBK LNGG UTARA I,
167408,1674,LBK LNGG UTARA II,
161201,1612,Talang Ubi,
161202,1612,Penukal,
161203,1612,Penukal Utara,
161204,1612,Tanah Abang,
161206,1612,Abab,
160718,1607,Air Kumbang,
160719,1607,Sumber Marga Telang,
160323,1603,Belida Darat,
160324,1603,Belimbing,
160325,1603,Lubai Ulu,
160422,1604,Sukamerindu,
160522,1605,Stl Ulu Terawas,
161110,1611,Pendopo Barat,
161109,1611,Saling,
170101,1701,MANNA,
170102,1701,KOTA MANNA,
170103,1701,KEDURANG,
170104,1701,BUNGA MAS,
170105,1701,PASAR MANNA,
170106,1701,KEDURANG ILIR,
170107,1701,SEGINIM,
170108,1701,AIR NIPIS,
170109,1701,PINO,
170110,1701,PINORAYA,
170111,1701,ULU MANNA,
170201,1702,KOTA PADANG,
170202,1702,SINDANG BELITI ILIR,
170203,1702,PADANG ULAK TANDING,
170204,1702,SINDANG KELINGI,
170205,1702,BINDU RIANG,
170206,1702,SINDANG BELITI ULU,
170207,1702,SINDANG DATARAN,
170208,1702,CURUP,
170209,1702,BERMANI ULU,
170210,1702,SELUPU REJANG,
170211,1702,CURUP SELATAN,
170212,1702,CURUP TENGAH,
170213,1702,BERMANI ULU RAYA,
170214,1702,CURUP UTARA,
170215,1702,CURUP TIMUR,
170301,1703,ENGGANO,
170302,1703,KERKAP,
170303,1703,AIR NAPAL,
170304,1703,AIR BESI,
170305,1703,HULU PALIK,
170306,1703,ARGA MAKMUR,
170307,1703,LAIS,
170308,1703,BATIK NAU,
170309,1703,GIRI MULYA,
170310,1703,AIR PADANG,
170311,1703,PADANG JAYA,
170312,1703,KETAHUN,
170313,1703,NAPAL PUTIH,
170314,1703,PUTRI HIJAU,
170401,1704,NASAL,
170402,1704,MAJE,
170403,1704,KAUR SELATAN,
170404,1704,TETAP,
170405,1704,KAUR TENGAH,
170406,1704,LUAS,
170407,1704,MUARA SAHUNG,
170408,1704,KINAL,
170409,1704,SEMIDANG GUMAY,
170410,1704,TANJUNG KEMUNING,
170411,1704,KELAM TENGAH,
170412,1704,KAUR UTARA,
170413,1704,PADANG GUCI HILIR,
170414,1704,LUNGKANG KULE,
170415,1704,PADANG GUCI HULU,
170501,1705,SEMIDANG ALAS MARAS,
170502,1705,SEMIDANG ALAS,
170503,1705,TALO,
170504,1705,ILIR TALO,
170505,1705,TALO KECIL,
170506,1705,ULU TALO,
170507,1705,SELUMA,
170508,1705,SELUMA SELATAN,
170509,1705,SELUMA BARAT,
170510,1705,SELUMA TIMUR,
170511,1705,SELUMA UTARA,
170512,1705,SUKARAJA,
170513,1705,AIR PERIUKAN,
170514,1705,LUBUK SANDI,
170601,1706,IPUH,
170602,1706,AIR RAMI,
170603,1706,MALIN DEMAN,
170604,1706,PONDOK SUGUH,
170605,1706,SUNGAI RUMBAI,
170606,1706,TERAMANG JAYA,
170607,1706,TERAS TERUNJAM,
170608,1706,PENARIK,
170609,1706,SELAGAN RAYA,
170610,1706,KOTA MUKOMUKO,
170611,1706,AIR DIKIT,
170612,1706,XIV KOTO,
170613,1706,LUBUK PINANG,
170614,1706,AIR MANJUNTO,
170615,1706,V KOTO,
170701,1707,RIMBO PENGADANG,
170702,1707,TOPOS,
170703,1707,LEBONG SELATAN,
170704,1707,BINGIN KUNING,
170705,1707,LEBONG TENGAH,
170706,1707,LEBONG SAKTI,
170707,1707,LEBONG ATAS,
170708,1707,PADANG BANO,
170709,1707,PELABAI,
170710,1707,LEBONG UTARA,
170711,1707,AMEN,
170712,1707,URAM JAYA,
170713,1707,PINANG BELAPIS,
170801,1708,MUARA KEMUMU,
170802,1708,BERMANI ILIR,
170803,1708,SEBERANG MUSI,
170804,1708,TEBAT KARAI,
170805,1708,KEPAHIANG,
170806,1708,KABA WETAN,
170807,1708,UJAN MAS,
170808,1708,MERIGI,
170901,1709,TALANG EMPAT,
170902,1709,KARANG TINGGI,
170903,1709,TABA PENANJUNG,
170904,1709,MERIGI KELINDANG,
170905,1709,PAGAR JATI,
170906,1709,MERIGI SAKTI,
170907,1709,PONDOK KELAPA,
170908,1709,PONDOK KUBANG,
170909,1709,PEMATANG TIGA,
170910,1709,BANG HAJI,
177101,1771,SELEBAR,
177102,1771,KAMPUNG MELAYU,
177103,1771,GADING CEMPAKA,
177104,1771,RATU AGUNG,
177105,1771,RATU SAMBAN,
177106,1771,SINGARAN PATI,
177107,1771,TELUK SEGARA,
177108,1771,SUNGAI SERUT,
177109,1771,MUARA BANGKA HULU,
170315,1703,Arma Jaya,
170316,1703,Marga Sakti Sabelat,
170317,1703,Pinang Raya,
170318,1703,Tanjungagung Palik,
170319,1703,Ulok Kupai,
180101,1801,PESISIR SELATAN,
180102,1801,BENGKUNAT,
180103,1801,BENGKUNAT BELIMBING,
180104,1801,NGAMBUR,
180105,1801,PESISIR TENGAH,
180106,1801,KARYA PENGGAWA,
180107,1801,WAY KRUI,
180108,1801,KRUI SELATAN,
180109,1801,PESISIR UTARA,
180110,1801,LEMONG,
180111,1801,BALIK BUKIT,
180112,1801,SUKAU,
180113,1801,LUMBOK SEMINUNG,
180114,1801,BELALAU,
180115,1801,SEKINCAU,
180116,1801,SUOH,
180117,1801,BATU BRAK,
180118,1801,PAGAR DEWA,
180119,1801,BATU KETULIS,
180120,1801,BANDAR NEGERI SUOH,
180121,1801,SUMBER JAYA,
180122,1801,WAY TENONG,
180123,1801,GEDUNG SURIAN,
180124,1801,KEBUN TEBU,
180125,1801,AIR HITAM,
180201,1802,WONOSOBO,
180202,1802,SEMAKA,
180203,1802,BANDAR NEGERI SEMUONG,
180204,1802,KOTA AGUNG,
180205,1802,PEMATANG SAWA,
180206,1802,KOTA AGUNG TIMUR,
180207,1802,KOTA AGUNG BARAT,
180208,1802,PULAU PANGGUNG,
180209,1802,ULUBELU,
180210,1802,AIR NANINGAN,
180211,1802,TALANG PADANG,
180212,1802,SUMBEREJO,
180213,1802,GISTING,
180214,1802,GUNUNG ALIP,
180215,1802,PUGUNG,
180216,1802,BULOK,
180217,1802,CUKUH BALAK,
180218,1802,KELUMBAYAN,
180219,1802,LIMAU,
180220,1802,KELUMBAYAN BARAT,
180301,1803,NATAR,
180302,1803,JATI AGUNG,
180303,1803,TANJUNG BINTANG,
180304,1803,TANJUNG SARI,
180305,1803,KATIBUNG,
180306,1803,MERBAU MATARAM,
180307,1803,WAY SULAN,
180308,1803,SIDOMULYO,
180309,1803,CANDIPURO,
180310,1803,WAY PANJI,
180311,1803,KALIANDA,
180312,1803,RAJABASA,
180313,1803,PALAS,
180314,1803,SRAGI,
180315,1803,PENENGAHAN,
180316,1803,KETAPANG,
180317,1803,BAKAUHENI,
180401,1804,METRO KIBANG,
180402,1804,BATANGHARI,
180403,1804,SEKAMPUNG,
180404,1804,MARGATIGA,
180405,1804,SEKAMPUNG UDIK,
180406,1804,JABUNG,
180407,1804,PASIR SAKTI,
180408,1804,WAWAY KARYA,
180409,1804,MARGA SEKAMPUNG,
180410,1804,LABUHAN MARINGGAI,
180411,1804,MATARAM BARU,
180412,1804,BANDAR SRIBHAWONO,
180413,1804,MELINTING,
180414,1804,GUNUNG PELINDUNG,
180415,1804,WAY JEPARA,
180416,1804,BRAJA SLEBAH,
180417,1804,LABUHAN RATU,
180418,1804,SUKADANA,
180419,1804,BUMI AGUNG,
180420,1804,BATANGHARI NUBAN,
180421,1804,PEKALONGAN,
180422,1804,RAMAN UTARA,
180423,1804,PURBOLINGGO,
180424,1804,WAY BUNGUR,
180501,1805,PADANG RATU,
180502,1805,SELAGAI LINGGA,
180503,1805,PUBIAN,
180504,1805,ANAK TUHA,
180505,1805,ANAK RATU AJI,
180506,1805,KALIREJO,
180507,1805,SENDANG AGUNG,
180508,1805,BANGUNREJO,
180509,1805,GUNUNG SUGIH,
180510,1805,BEKRI,
180511,1805,BUMI RATU NUBAN,
180512,1805,TRIMURJO,
180513,1805,PUNGGUR,
180514,1805,KOTA GAJAH,
180515,1805,SEPUTIH RAMAN,
180516,1805,TERBANGGI BESAR,
180517,1805,SEPUTIH AGUNG,
180518,1805,WAY PENGUBUAN,
180519,1805,TERUSAN NUNYAI,
180520,1805,SEPUTIH MATARAM,
180521,1805,BANDAR MATARAM,
180522,1805,SEPUTIH BANYAK,
180523,1805,WAY SEPUTIH,
180524,1805,RUMBIA,
180525,1805,BUMI NABUNG,
180526,1805,PUTRA RUMBIA,
180527,1805,SEPUTIH SURABAYA,
180528,1805,BANDAR SURABAYA,
180601,1806,BUKIT KEMUNING,
180602,1806,ABUNG TINGGI,
180603,1806,TANJUNG RAJA,
180604,1806,ABUNG BARAT,
180605,1806,ABUNG TENGAH,
180606,1806,ABUNG KUNANG,
180607,1806,ABUNG PEKURUN,
180608,1806,KOTABUMI,
180609,1806,KOTABUMI UTARA,
180610,1806,KOTABUMI SELATAN,
180611,1806,ABUNG SELATAN,
180612,1806,ABUNG SEMULI,
180613,1806,BLAMBANGAN PAGAR,
180614,1806,ABUNG TIMUR,
180615,1806,ABUNG SURAKARTA,
180616,1806,SUNGKAI SELATAN,
180617,1806,MUARA SUNGKAI,
180618,1806,BUNGA MAYANG,
180619,1806,SUNGKAI BARAT,
180620,1806,SUNGKAI JAYA,
180621,1806,SUNGKAI UTARA,
180622,1806,HULU SUNGKAI,
180623,1806,SUNGKAI TENGAH,
180701,1807,BANJIT,
180702,1807,BARADATU,
180703,1807,GUNUNG LABUHAN,
180704,1807,KASUI,
180705,1807,REBANG TANGKAS,
180706,1807,BLAMBANGAN UMPU,
180707,1807,WAY TUBA,
180708,1807,NEGERI AGUNG,
180709,1807,BAHUGA,
180710,1807,BUAY BAHUGA,
180711,1807,BUMI AGUNG,
180712,1807,PAKUAN RATU,
180713,1807,NEGARA BATIN,
180714,1807,NEGERI BESAR,
180801,1808,BANJAR AGUNG,
180802,1808,BANJAR MARGO,
180803,1808,BANJAR BARU,
180804,1808,GEDUNG AJI,
180805,1808,PENAWAR AJI,
180806,1808,MERAKSA AJI,
180807,1808,MENGGALA,
180808,1808,PENAWAR TAMA,
180809,1808,RAWAJITU SELATAN,
180810,1808,GEDUNG MENENG,
180811,1808,RAWAJITU TIMUR,
180812,1808,RAWA PITU,
180813,1808,GEDUNG AJI BARU,
180814,1808,DENTE TELADAS,
180815,1808,MENGGALA TIMUR,
180901,1809,PUNDUH PIDADA,
180902,1809,PADANG CERMIN,
180903,1809,KEDONDONG,
180904,1809,WAY LIMA,
180905,1809,GEDUNG TATAAN,
180906,1809,NEGERI KATON,
180907,1809,TEGINENENG,
181001,1810,PARDASUKA,
181002,1810,AMBARAWA,
181003,1810,PAGELARAN,
181004,1810,PRINGSEWU,
181005,1810,GADINGREJO,
181006,1810,SUKOHARJO,
181007,1810,BANYUMAS,
181008,1810,ADI LUWIH,
181101,1811,WAY SERDANG,
181102,1811,SIMPANG PEMATANG,
181103,1811,PANCA JAYA,
181104,1811,TANJUNG RAYA,
181105,1811,MESUJI,
181106,1811,MESUJI TIMUR,
181107,1811,RAWAJITU UTARA,
181201,1812,TULANG BAWANG UDIK,
181202,1812,TUMI JAJAR,
181203,1812,TULANG BAWANG TENGAH,
181204,1812,PAGAR DEWA,
181205,1812,LAMBU KIBANG,
181206,1812,GUNUNG TERANG,
181207,1812,GUNUNG AGUNG,
181208,1812,WAY KENANGA,
187101,1871,TELUK BETUNG BARAT,
187102,1871,TELUK BETUNG SELATAN,
187103,1871,PANJANG,
187104,1871,TANJUNG KARANG TIMUR,
187105,1871,TELUK BETUNG UTARA,
187106,1871,TANJUNG KARANG PUSAT,
187107,1871,TANJUNG KARANG BARAT,
187108,1871,KEMILING,
187109,1871,KEDATON,
187110,1871,RAJABASA,
187111,1871,TANJUNG SENANG,
187112,1871,SUKARAME,
187113,1871,SUKABUMI,
187201,1872,METRO SELATAN,
187202,1872,METRO BARAT,
187203,1872,METRO TIMUR,
187204,1872,METRO PUSAT,
187205,1872,METRO UTARA,
187114,1871,Bumi Waras,
187115,1871,Enggal,
187116,1871,Kedamaian,
187117,1871,Labuhan Ratu,
187118,1871,Langkapura,
187119,1871,Teluk Betung Timur ,
187120,1871,Way Halim ,
181009,1810,Pagelaran Utara,
180908,1809,Marga Punduh ,
180909,1809,Teluk Pandan,
180910,1809,Way Khilau,
181209,1812,Batu Putih,
181210,1812,Pagar Dewa,
187301,1873,Bangkunat,
187302,1873,KARYA PENGGAWA,
187303,1873,KRUI SELATAN,
187304,1873,Lemong,
187305,1873,Ngambur,
187306,1873,NGARAS ,
187307,1873,Pesisir Selatan,
187308,1873,Pesisir Tengah,
187309,1873,PESISIR UTARA,
187310,1873,PULAU PISANG,
187311,1873,WAY KRUI ,
190101,1901,MENDO BARAT,
190102,1901,MERAWANG,
190103,1901,PUDING BESAR,
190104,1901,SUNGAI LIAT,
190105,1901,PEMALI,
190106,1901,BAKAM,
190107,1901,BELINYU,
190108,1901,RIAU SILIP,
190201,1902,MEMBALONG,
190202,1902,TANJUNG PANDAN,
190203,1902,BADAU,
190204,1902,SIJUK,
190205,1902,SELAT NASIK,
190301,1903,KELAPA,
190302,1903,TEMPILANG,
190303,1903,MENTOK,
190304,1903,SIMPANG TERITIP,
190305,1903,JEBUS,
190306,1903,PARITTIGA,
190401,1904,KOBA,
190402,1904,LUBUK BESAR,
190403,1904,PANGKALAN BARU,
190404,1904,NAMANG,
190405,1904,SUNGAI SELAN,
190406,1904,SIMPANG KATIS,
190501,1905,PAYUNG,
190502,1905,PULAU BESAR,
190503,1905,SIMPANG RIMBA,
190504,1905,TOBOALI,
190505,1905,TUKAK SADAI,
190506,1905,AIR GEGAS,
190507,1905,Lepar Pongok,
190601,1906,DENDANG,
190602,1906,SIMPANG PESAK,
190603,1906,GANTUNG,
190604,1906,SIMPANG RENGGIANG,
190605,1906,MANGGAR,
190606,1906,DAMAR,
190607,1906,KELAPA KAMPIT,
197101,1971,RANGKUI,
197102,1971,BUKIT INTAN,
197103,1971,GIRIMAYA,
197104,1971,PANGKAL BALAM,
197105,1971,GABEK,
197106,1971,TAMAN SARI,
197107,1971,GERUNGGANG,
210101,2101,MORO,
210102,2101,DURAI,
210103,2101,KUNDUR,
210104,2101,KUNDUR UTARA,
210105,2101,KUNDUR BARAT,
210106,2101,KARIMUN,
210107,2101,BURU,
210108,2101,MERAL,
210109,2101,TEBING,
210201,2102,TELUK BINTAN,
210202,2102,BINTAN UTARA,
210203,2102,TELUK SEBONG,
210204,2102,SERI KUALA LOBAM,
210205,2102,BINTAN TIMUR,
210206,2102,GUNUNG KIJANG,
210207,2102,MANTANG,
210208,2102,BINTAN PESISIR,
210209,2102,TOAPAYA,
210210,2102,TAMBELAN,
210301,2103,MIDAI,
210302,2103,BUNGURAN BARAT,
210303,2103,BUNGURAN UTARA,
210304,2103,PULAU LAUT,
210305,2103,PULAU TIGA,
210306,2103,BUNGURAN TIMUR,
210307,2103,BUNGURAN TIMUR LAUT,
210308,2103,BUNGURAN TENGAH,
210309,2103,BUNGURAN SELATAN,
210310,2103,SERASAN,
210311,2103,SUBI,
210312,2103,SERASAN TIMUR,
210401,2104,SINGKEP BARAT,
210402,2104,SINGKEP,
210403,2104,LINGGA,
210404,2104,LINGGA UTARA,
210405,2104,SENAYANG,
210501,2105,JEMAJA,
210502,2105,JEMAJA TIMUR,
210503,2105,SIANTAN SELATAN,
210504,2105,SIANTAN,
210505,2105,SIANTAN TIMUR,
210506,2105,SIANTAN TENGAH,
210507,2105,PALMATAK,
217101,2171,BELAKANG PADANG,
217102,2171,BULANG,
217103,2171,GALANG,
217104,2171,SEI BEDUK,
217105,2171,SAGULUNG,
217106,2171,NONGSA,
217107,2171,BATAM KOTA,
217108,2171,SEKUPANG,
217109,2171,BATU AJI,
217110,2171,LUBUK BAJA,
217111,2171,BATU AMPAR,
217112,2171,BENGKONG,
217201,2172,BUKIT BESTARI,
217202,2172,TANJUNGPINANG TIMUR,
217203,2172,TANJUNGPINANG KOTA,
217204,2172,TANJUNGPINANG BARAT,
210110,2101,Belat,
210111,2101,Meral Barat,
210112,2101,Ungar,
210406,2104,Kepulauan Posek,
210407,2104,Lingga Timur,
210408,2104,Selayar,
210409,2104,Singkep Pesisir,
210313,2103,Bunguran Batubi,
210314,2103,Pulau Tiga Barat,
210315,2103,Suak Midai,
310101,3101,KEPULAUAN SERIBU SELATAN,
310102,3101,KEPULAUAN SERIBU UTARA,
317101,3171,JAGAKARSA,
317102,3171,PASAR MINGGU,
317103,3171,CILANDAK,
317104,3171,PESANGGRAHAN,
317105,3171,KEBAYORAN LAMA,
317106,3171,KEBAYORAN BARU,
317107,3171,MAMPANG PRAPATAN,
317108,3171,PANCORAN,
317109,3171,TEBET,
317110,3171,SETIA BUDI,
317201,3172,PASAR REBO,
317202,3172,CIRACAS,
317203,3172,CIPAYUNG,
317204,3172,MAKASAR,
317205,3172,KRAMAT JATI,
317206,3172,JATINEGARA,
317207,3172,DUREN SAWIT,
317208,3172,CAKUNG,
317209,3172,PULO GADUNG,
317210,3172,MATRAMAN,
317301,3173,TANAH ABANG,
317302,3173,MENTENG,
317303,3173,SENEN,
317304,3173,JOHAR BARU,
317305,3173,CEMPAKA PUTIH,
317306,3173,KEMAYORAN,
317307,3173,SAWAH BESAR,
317308,3173,GAMBIR,
317401,3174,KEMBANGAN,
317402,3174,KEBON JERUK,
317403,3174,PALMERAH,
317404,3174,GROGOL PETAMBURAN,
317405,3174,TAMBORA,
317406,3174,TAMAN SARI,
317407,3174,CENGKARENG,
317408,3174,KALI DERES,
317501,3175,PENJARINGAN,
317502,3175,PADEMANGAN,
317503,3175,TANJUNG PRIOK,
317504,3175,KOJA,
317505,3175,KELAPA GADING,
317506,3175,CILINCING,
320101,3201,NANGGUNG,
320102,3201,LEUWILIANG,
320103,3201,LEUWISADENG,
320104,3201,PAMIJAHAN,
320105,3201,CIBUNGBULANG,
320106,3201,CIAMPEA,
320107,3201,TENJOLAYA,
320108,3201,DRAMAGA,
320109,3201,CIOMAS,
320110,3201,TAMANSARI,
320111,3201,CIJERUK,
320112,3201,CIGOMBONG,
320113,3201,CARINGIN,
320114,3201,CIAWI,
320115,3201,CISARUA,
320116,3201,MEGAMENDUNG,
320117,3201,SUKARAJA,
320118,3201,BABAKAN MADANG,
320119,3201,SUKAMAKMUR,
320120,3201,CARIU,
320121,3201,TANJUNGSARI,
320122,3201,JONGGOL,
320123,3201,CILEUNGSI,
320124,3201,KLAPANUNGGAL,
320125,3201,GUNUNG PUTRI,
320126,3201,CITEUREUP,
320127,3201,CIBINONG,
320128,3201,BOJONG GEDE,
320129,3201,TAJUR HALANG,
320130,3201,KEMANG,
320131,3201,RANCA BUNGUR,
320132,3201,PARUNG,
320133,3201,CISEENG,
320134,3201,GUNUNG SINDUR,
320135,3201,RUMPIN,
320136,3201,CIGUDEG,
320137,3201,SUKAJAYA,
320138,3201,JASINGA,
320139,3201,TENJO,
320140,3201,PARUNG PANJANG,
320201,3202,CIEMAS,
320202,3202,CIRACAP,
320203,3202,WALURAN,
320204,3202,SURADE,
320205,3202,CIBITUNG,
320206,3202,JAMPANG KULON,
320207,3202,CIMANGGU,
320208,3202,KALIBUNDER,
320209,3202,TEGAL BULEUD,
320210,3202,CIDOLOG,
320211,3202,SAGARANTEN,
320212,3202,CIDADAP,
320213,3202,CURUGKEMBAR,
320214,3202,PABUARAN,
320215,3202,LENGKONG,
320216,3202,PELABUHAN RATU,
320217,3202,SIMPENAN,
320218,3202,WARUNG KIARA,
320219,3202,BANTARGADUNG,
320220,3202,JAMPANG TENGAH,
320221,3202,PURABAYA,
320222,3202,CIKEMBAR,
320223,3202,NYALINDUNG,
320224,3202,GEGER BITUNG,
320225,3202,SUKARAJA,
320226,3202,KEBONPEDES,
320227,3202,CIREUNGHAS,
320228,3202,SUKALARANG,
320229,3202,SUKABUMI,
320230,3202,KADUDAMPIT,
320231,3202,CISAAT,
320232,3202,GUNUNGGURUH,
320233,3202,CIBADAK,
320234,3202,CICANTAYAN,
320235,3202,CARINGIN,
320236,3202,NAGRAK,
320237,3202,CIAMBAR,
320238,3202,CICURUG,
320239,3202,CIDAHU,
320240,3202,PARAKAN SALAK,
320241,3202,PARUNG KUDA,
320242,3202,BOJONG GENTENG,
320243,3202,KALAPA NUNGGAL,
320244,3202,CIKIDANG,
320245,3202,CISOLOK,
320246,3202,CIKAKAK,
320247,3202,KABANDUNGAN,
320301,3203,AGRABINTA,
320302,3203,LELES,
320303,3203,SINDANGBARANG,
320304,3203,CIDAUN,
320305,3203,NARINGGUL,
320306,3203,CIBINONG,
320307,3203,CIKADU,
320308,3203,TANGGEUNG,
320309,3203,PASIRKUDA,
320310,3203,KADUPANDAK,
320311,3203,CIJATI,
320312,3203,TAKOKAK,
320313,3203,SUKANAGARA,
320314,3203,PAGELARAN,
320315,3203,CAMPAKA,
320316,3203,CAMPAKA MULYA,
320317,3203,CIBEBER,
320318,3203,WARUNGKONDANG,
320319,3203,GEKBRONG,
320320,3203,CILAKU,
320321,3203,SUKALUYU,
320322,3203,BOJONGPICUNG,
320323,3203,HAURWANGI,
320324,3203,CIRANJANG,
320325,3203,MANDE,
320326,3203,KARANGTENGAH,
320327,3203,CIANJUR,
320328,3203,CUGENANG,
320329,3203,PACET,
320330,3203,CIPANAS,
320331,3203,SUKARESMI,
320332,3203,CIKALONGKULON,
320401,3204,CIWIDEY,
320402,3204,RANCABALI,
320403,3204,PASIRJAMBU,
320404,3204,CIMAUNG,
320405,3204,PANGALENGAN,
320406,3204,KERTASARI,
320407,3204,PACET,
320408,3204,IBUN,
320409,3204,PASEH,
320410,3204,CIKANCUNG,
320411,3204,CICALENGKA,
320412,3204,NAGREG,
320413,3204,RANCAEKEK,
320414,3204,MAJALAYA,
320415,3204,SOLOKAN JERUK,
320416,3204,CIPARAY,
320417,3204,BALEENDAH,
320418,3204,ARJASARI,
320419,3204,BANJARAN,
320420,3204,CANGKUANG,
320421,3204,PAMEUNGPEUK,
320422,3204,KATAPANG,
320423,3204,SOREANG,
320424,3204,KUTAWARINGIN,
320425,3204,MARGAASIH,
320426,3204,MARGAHAYU,
320427,3204,DAYEUHKOLOT,
320428,3204,BOJONGSOANG,
320429,3204,CILEUNYI,
320430,3204,CILENGKRANG,
320431,3204,CIMENYAN,
320501,3205,CISEWU,
320502,3205,CARINGIN,
320503,3205,TALEGONG,
320504,3205,BUNGBULANG,
320505,3205,MEKARMUKTI,
320506,3205,PAMULIHAN,
320507,3205,PAKENJENG,
320508,3205,CIKELET,
320509,3205,PAMEUNGPEUK,
320510,3205,CIBALONG,
320511,3205,CISOMPET,
320512,3205,PEUNDEUY,
320513,3205,SINGAJAYA,
320514,3205,CIHURIP,
320515,3205,CIKAJANG,
320516,3205,BANJARWANGI,
320517,3205,CILAWU,
320518,3205,BAYONGBONG,
320519,3205,CIGEDUG,
320520,3205,CISURUPAN,
320521,3205,SUKARESMI,
320522,3205,SAMARANG,
320523,3205,PASIRWANGI,
320524,3205,TAROGONG KIDUL,
320525,3205,TAROGONG KALER,
320526,3205,GARUT KOTA,
320527,3205,KARANGPAWITAN,
320528,3205,WANARAJA,
320529,3205,SUCINARAJA,
320530,3205,PANGATIKAN,
320531,3205,SUKAWENING,
320532,3205,KARANGTENGAH,
320533,3205,BANYURESMI,
320534,3205,LELES,
320535,3205,LEUWIGOONG,
320536,3205,CIBATU,
320537,3205,KERSAMANAH,
320538,3205,CIBIUK,
320539,3205,KADUNGORA,
320540,3205,BLUBUR LIMBANGAN,
320541,3205,SELAAWI,
320542,3205,MALANGBONG,
320601,3206,CIPATUJAH,
320602,3206,KARANGNUNGGAL,
320603,3206,CIKALONG,
320604,3206,PANCATENGAH,
320605,3206,CIKATOMAS,
320606,3206,CIBALONG,
320607,3206,PARUNGPONTENG,
320608,3206,BANTARKALONG,
320609,3206,BOJONGASIH,
320610,3206,CULAMEGA,
320611,3206,BOJONGGAMBIR,
320612,3206,SODONGHILIR,
320613,3206,TARAJU,
320614,3206,SALAWU,
320615,3206,PUSPAHIANG,
320616,3206,TANJUNGJAYA,
320617,3206,SUKARAJA,
320618,3206,SALOPA,
320619,3206,JATIWARAS,
320620,3206,CINEAM,
320621,3206,KARANGJAYA,
320622,3206,MANONJAYA,
320623,3206,GUNUNGTANJUNG,
320624,3206,SINGAPARNA,
320625,3206,SUKARAME,
320626,3206,MANGUNREJA,
320627,3206,CIGALONTANG,
320628,3206,LEUWISARI,
320629,3206,SARIWANGI,
320630,3206,PADAKEMBANG,
320631,3206,SUKARATU,
320632,3206,CISAYONG,
320633,3206,SUKAHENING,
320634,3206,RAJAPOLAH,
320635,3206,JAMANIS,
320636,3206,CIAWI,
320637,3206,KADIPATEN,
320638,3206,PAGERAGEUNG,
320639,3206,SUKARESIK,
320701,3207,CIMERAK,
320702,3207,CIJULANG,
320703,3207,CIGUGUR,
320704,3207,LANGKAPLANCAR,
320705,3207,PARIGI,
320706,3207,SIDAMULIH,
320707,3207,PANGANDARAN,
320708,3207,KALIPUCANG,
320709,3207,PADAHERANG,
320710,3207,MANGUNJAYA,
320711,3207,BANJARSARI,
320712,3207,LAKBOK,
320713,3207,PURWADADI,
320714,3207,PAMARICAN,
320715,3207,CIDOLOG,
320716,3207,CIMARAGAS,
320717,3207,CIJEUNGJING,
320718,3207,CISAGA,
320719,3207,TAMBAKSARI,
320720,3207,RANCAH,
320721,3207,RAJADESA,
320722,3207,SUKADANA,
320723,3207,CIAMIS,
320724,3207,BAREGBEG,
320725,3207,CIKONENG,
320726,3207,SINDANGKASIH,
320727,3207,CIHAURBEUTI,
320728,3207,SADANANYA,
320729,3207,CIPAKU,
320730,3207,JATINAGARA,
320731,3207,PANAWANGAN,
320732,3207,KAWALI,
320733,3207,LUMBUNG,
320734,3207,PANJALU,
320735,3207,SUKAMANTRI,
320736,3207,PANUMBANGAN,
320801,3208,DARMA,
320802,3208,KADUGEDE,
320803,3208,NUSAHERANG,
320804,3208,CINIRU,
320805,3208,HANTARA,
320806,3208,SELAJAMBE,
320807,3208,SUBANG,
320808,3208,CILEBAK,
320809,3208,CIWARU,
320810,3208,KARANGKANCANA,
320811,3208,CIBINGBIN,
320812,3208,CIBEUREUM,
320813,3208,LURAGUNG,
320814,3208,CIMAHI,
320815,3208,CIDAHU,
320816,3208,KALIMANGGIS,
320817,3208,CIAWIGEBANG,
320818,3208,CIPICUNG,
320819,3208,LEBAKWANGI,
320820,3208,MALEBER,
320821,3208,GARAWANGI,
320822,3208,SINDANGAGUNG,
320823,3208,KUNINGAN,
320824,3208,CIGUGUR,
320825,3208,KRAMATMULYA,
320826,3208,JALAKSANA,
320827,3208,JAPARA,
320828,3208,CILIMUS,
320829,3208,CIGANDAMEKAR,
320830,3208,MANDIRANCAN,
320831,3208,PANCALANG,
320832,3208,PASAWAHAN,
320901,3209,WALED,
320902,3209,PASALEMAN,
320903,3209,CILEDUG,
320904,3209,PABUARAN,
320905,3209,LOSARI,
320906,3209,PABEDILAN,
320907,3209,BABAKAN,
320908,3209,GEBANG,
320909,3209,KARANGSEMBUNG,
320910,3209,KARANGWARENG,
320911,3209,LEMAHABANG,
320912,3209,SUSUKANLEBAK,
320913,3209,SEDONG,
320914,3209,ASTANAJAPURA,
320915,3209,PANGENAN,
320916,3209,MUNDU,
320917,3209,BEBER,
320918,3209,GREGED,
320919,3209,TALUN,
320920,3209,SUMBER,
320921,3209,DUKUPUNTANG,
320922,3209,PALIMANAN,
320923,3209,PLUMBON,
320924,3209,DEPOK,
320925,3209,WERU,
320926,3209,PLERED,
320927,3209,TENGAH TANI,
320928,3209,KEDAWUNG,
320929,3209,GUNUNGJATI,
320930,3209,KAPETAKAN,
320931,3209,SURANENGGALA,
320932,3209,KLANGENAN,
320933,3209,JAMBLANG,
320934,3209,ARJAWINANGUN,
320935,3209,PANGURAGAN,
320936,3209,CIWARINGIN,
320937,3209,GEMPOL,
320938,3209,SUSUKAN,
320939,3209,GEGESIK,
320940,3209,KALIWEDI,
321001,3210,LEMAHSUGIH,
321002,3210,BANTARUJEG,
321003,3210,MALAUSMA,
321004,3210,CIKIJING,
321005,3210,CINGAMBUL,
321006,3210,TALAGA,
321007,3210,BANJARAN,
321008,3210,ARGAPURA,
321009,3210,MAJA,
321010,3210,MAJALENGKA,
321011,3210,CIGASONG,
321012,3210,SUKAHAJI,
321013,3210,SINDANG,
321014,3210,RAJAGALUH,
321015,3210,SINDANGWANGI,
321016,3210,LEUWIMUNDING,
321017,3210,PALASAH,
321018,3210,JATIWANGI,
321019,3210,DAWUAN,
321020,3210,KASOKANDEL,
321021,3210,PANYINGKIRAN,
321022,3210,KADIPATEN,
321023,3210,KERTAJATI,
321024,3210,JATITUJUH,
321025,3210,LIGUNG,
321026,3210,SUMBERJAYA,
321101,3211,JATINANGOR,
321102,3211,CIMANGGUNG,
321103,3211,TANJUNGSARI,
321104,3211,SUKASARI,
321105,3211,PAMULIHAN,
321106,3211,RANCAKALONG,
321107,3211,SUMEDANG SELATAN,
321108,3211,SUMEDANG UTARA,
321109,3211,GANEAS,
321110,3211,SITURAJA,
321111,3211,CISITU,
321112,3211,DARMARAJA,
321113,3211,CIBUGEL,
321114,3211,WADO,
321115,3211,JATINUNGGAL,
321116,3211,JATIGEDE,
321117,3211,TOMO,
321118,3211,UJUNG JAYA,
321119,3211,CONGGEANG,
321120,3211,PASEH,
321121,3211,CIMALAKA,
321122,3211,CISARUA,
321123,3211,TANJUNGKERTA,
321124,3211,TANJUNGMEDAR,
321125,3211,BUAHDUA,
321126,3211,SURIAN,
321201,3212,HAURGEULIS,
321202,3212,GANTAR,
321203,3212,KROYA,
321204,3212,GABUSWETAN,
321205,3212,CIKEDUNG,
321206,3212,TERISI,
321207,3212,LELEA,
321208,3212,BANGODUA,
321209,3212,TUKDANA,
321210,3212,WIDASARI,
321211,3212,KERTASEMAYA,
321212,3212,SUKAGUMIWANG,
321213,3212,KRANGKENG,
321214,3212,KARANGAMPEL,
321215,3212,KEDOKAN BUNDER,
321216,3212,JUNTINYUAT,
321217,3212,SLIYEG,
321218,3212,JATIBARANG,
321219,3212,BALONGAN,
321220,3212,INDRAMAYU,
321221,3212,SINDANG,
321222,3212,CANTIGI,
321223,3212,PASEKAN,
321224,3212,LOHBENER,
321225,3212,ARAHAN,
321226,3212,LOSARANG,
321227,3212,KANDANGHAUR,
321228,3212,BONGAS,
321229,3212,ANJATAN,
321230,3212,SUKRA,
321231,3212,PATROL,
321301,3213,SAGALAHERANG,
321302,3213,SERANGPANJANG,
321303,3213,JALANCAGAK,
321304,3213,CIATER,
321305,3213,CISALAK,
321306,3213,KASOMALANG,
321307,3213,TANJUNGSIANG,
321308,3213,CIJAMBE,
321309,3213,CIBOGO,
321310,3213,SUBANG,
321311,3213,KALIJATI,
321312,3213,DAWUAN,
321313,3213,CIPEUNDEUY,
321314,3213,PABUARAN,
321315,3213,PATOKBEUSI,
321316,3213,PURWADADI,
321317,3213,CIKAUM,
321318,3213,PAGADEN,
321319,3213,PAGADEN BARAT,
321320,3213,CIPUNAGARA,
321321,3213,COMPRENG,
321322,3213,BINONG,
321323,3213,TAMBAKDAHAN,
321324,3213,CIASEM,
321325,3213,PAMANUKAN,
321326,3213,SUKASARI,
321327,3213,PUSAKANAGARA,
321328,3213,PUSAKAJAYA,
321329,3213,LEGONKULON,
321330,3213,BLANAKAN,
321401,3214,JATILUHUR,
321402,3214,SUKASARI,
321403,3214,MANIIS,
321404,3214,TEGAL WARU,
321405,3214,PLERED,
321406,3214,SUKATANI,
321407,3214,DARANGDAN,
321408,3214,BOJONG,
321409,3214,WANAYASA,
321410,3214,KIARAPEDES,
321411,3214,PASAWAHAN,
321412,3214,PONDOK SALAM,
321413,3214,PURWAKARTA,
321414,3214,BABAKANCIKAO,
321415,3214,CAMPAKA,
321416,3214,CIBATU,
321417,3214,BUNGURSARI,
321501,3215,PANGKALAN,
321502,3215,TEGALWARU,
321503,3215,CIAMPEL,
321504,3215,TELUKJAMBE TIMUR,
321505,3215,TELUKJAMBE BARAT,
321506,3215,KLARI,
321507,3215,CIKAMPEK,
321508,3215,PURWASARI,
321509,3215,TIRTAMULYA,
321510,3215,JATISARI,
321511,3215,BANYUSARI,
321512,3215,KOTABARU,
321513,3215,CILAMAYA WETAN,
321514,3215,CILAMAYA KULON,
321515,3215,LEMAHABANG,
321516,3215,TALAGASARI,
321517,3215,MAJALAYA,
321518,3215,KARAWANG TIMUR,
321519,3215,KARAWANG BARAT,
321520,3215,RAWAMERTA,
321521,3215,TEMPURAN,
321522,3215,KUTAWALUYA,
321523,3215,RENGASDENGKLOK,
321524,3215,JAYAKERTA,
321525,3215,PEDES,
321526,3215,CILEBAR,
321527,3215,CIBUAYA,
321528,3215,TIRTAJAYA,
321529,3215,BATUJAYA,
321530,3215,PAKISJAYA,
321601,3216,SETU,
321602,3216,SERANG BARU,
321603,3216,CIKARANG PUSAT,
321604,3216,CIKARANG SELATAN,
321605,3216,CIBARUSAH,
321606,3216,BOJONGMANGU,
321607,3216,CIKARANG TIMUR,
321608,3216,KEDUNGWARINGIN,
321609,3216,CIKARANG UTARA,
321610,3216,KARANGBAHAGIA,
321611,3216,CIBITUNG,
321612,3216,CIKARANG BARAT,
321613,3216,TAMBUN SELATAN,
321614,3216,TAMBUN UTARA,
321615,3216,BABELAN,
321616,3216,TARUMAJAYA,
321617,3216,TAMBELANG,
321618,3216,SUKAWANGI,
321619,3216,SUKATANI,
321620,3216,SUKAKARYA,
321621,3216,PEBAYURAN,
321622,3216,CABANGBUNGIN,
321623,3216,MUARA GEMBONG,
321701,3217,RONGGA,
321702,3217,GUNUNGHALU,
321703,3217,SINDANGKERTA,
321704,3217,CILILIN,
321705,3217,CIHAMPELAS,
321706,3217,CIPONGKOR,
321707,3217,BATUJAJAR,
321708,3217,CIPATAT,
321709,3217,PADALARANG,
321710,3217,NGAMPRAH,
321711,3217,PARONGPONG,
321712,3217,LEMBANG,
321713,3217,CISARUA,
321714,3217,CIKALONG WETAN,
321715,3217,CIPEUNDEUY,
327101,3271,BOGOR SELATAN,
327102,3271,BOGOR TIMUR,
327103,3271,BOGOR UTARA,
327104,3271,BOGOR TENGAH,
327105,3271,BOGOR BARAT,
327106,3271,TANAH SEREAL,
327201,3272,BAROS,
327202,3272,LEMBURSITU,
327203,3272,CIBEUREUM,
327204,3272,CITAMIANG,
327205,3272,WARUDOYONG,
327206,3272,GUNUNG PUYUH,
327207,3272,CIKOLE,
327301,3273,BANDUNG KULON,
327302,3273,BABAKAN CIPARAY,
327303,3273,BOJONGLOA KALER,
327304,3273,BOJONGLOA KIDUL,
327305,3273,ASTANAANYAR,
327306,3273,REGOL,
327307,3273,LENGKONG,
327308,3273,BANDUNG KIDUL,
327309,3273,BUAHBATU,
327310,3273,RANCASARI,
327311,3273,GEDEBAGE,
327312,3273,CIBIRU,
327313,3273,PANYILEUKAN,
327314,3273,UJUNG BERUNG,
327315,3273,CINAMBO,
327316,3273,ARCAMANIK,
327317,3273,ANTAPANI,
327318,3273,MANDALAJATI,
327319,3273,KIARACONDONG,
327320,3273,BATUNUNGGAL,
327321,3273,SUMUR BANDUNG,
327322,3273,ANDIR,
327323,3273,CICENDO,
327324,3273,BANDUNG WETAN,
327325,3273,CIBEUNYING KIDUL,
327326,3273,CIBEUNYING KALER,
327327,3273,COBLONG,
327328,3273,SUKAJADI,
327329,3273,SUKASARI,
327330,3273,CIDADAP,
327401,3274,HARJAMUKTI,
327402,3274,LEMAHWUNGKUK,
327403,3274,PEKALIPAN,
327404,3274,KESAMBI,
327405,3274,KEJAKSAN,
327501,3275,PONDOKGEDE,
327502,3275,JATISAMPURNA,
327503,3275,PONDOKMELATI,
327504,3275,JATIASIH,
327505,3275,BANTARGEBANG,
327506,3275,MUSTIKAJAYA,
327507,3275,BEKASI TIMUR,
327508,3275,RAWALUMBU,
327509,3275,BEKASI SELATAN,
327510,3275,BEKASI BARAT,
327511,3275,MEDAN SATRIA,
327512,3275,BEKASI UTARA,
327601,3276,SAWANGAN,
327602,3276,BOJONGSARI,
327603,3276,PANCORAN MAS,
327604,3276,CIPAYUNG,
327605,3276,SUKMA JAYA,
327606,3276,CILODONG,
327607,3276,CIMANGGIS,
327608,3276,TAPOS,
327609,3276,BEJI,
327610,3276,LIMO,
327611,3276,CINERE,
327701,3277,CIMAHI SELATAN,
327702,3277,CIMAHI TENGAH,
327703,3277,CIMAHI UTARA,
327801,3278,KAWALU,
327802,3278,TAMANSARI,
327803,3278,CIBEUREUM,
327804,3278,PURBARATU,
327805,3278,TAWANG,
327806,3278,CIHIDEUNG,
327807,3278,MANGKUBUMI,
327808,3278,INDIHIANG,
327809,3278,BUNGURSARI,
327810,3278,CIPEDES,
327901,3279,BANJAR,
327902,3279,PURWAHARJA,
327903,3279,PATARUMAN,
327904,3279,LANGENSARI,
321716,3217,Saguling,
321801,3218,Cigugur,
321802,3218,Cijulang,
321803,3218,Cimerak,
321804,3218,Kalipucang,
321805,3218,Langkaplancar,
321806,3218,Mangunjaya,
321807,3218,Padaherang,
321808,3218,Pangandaran,
321809,3218,Parigi,
321810,3218,Sidamulih,
330101,3301,DAYEUHLUHUR,
330102,3301,WANAREJA,
330103,3301,MAJENANG,
330104,3301,CIMANGGU,
330105,3301,KARANGPUCUNG,
330106,3301,CIPARI,
330107,3301,SIDAREJA,
330108,3301,KEDUNGREJA,
330109,3301,PATIMUAN,
330110,3301,GANDRUNGMANGU,
330111,3301,BANTARSARI,
330112,3301,KAWUNGANTEN,
330113,3301,KAMPUNG LAUT,
330114,3301,JERUKLEGI,
330115,3301,KESUGIHAN,
330116,3301,ADIPALA,
330117,3301,MAOS,
330118,3301,SAMPANG,
330119,3301,KROYA,
330120,3301,BINANGUN,
330121,3301,NUSAWUNGU,
330122,3301,CILACAP SELATAN,
330123,3301,CILACAP TENGAH,
330124,3301,CILACAP UTARA,
330201,3302,LUMBIR,
330202,3302,WANGON,
330203,3302,JATILAWANG,
330204,3302,RAWALO,
330205,3302,KEBASEN,
330206,3302,KEMRANJEN,
330207,3302,SUMPIUH,
330208,3302,TAMBAK,
330209,3302,SOMAGEDE,
330210,3302,KALIBAGOR,
330211,3302,BANYUMAS,
330212,3302,PATIKRAJA,
330213,3302,PURWOJATI,
330214,3302,AJIBARANG,
330215,3302,GUMELAR,
330216,3302,PEKUNCEN,
330217,3302,CILONGOK,
330218,3302,KARANGLEWAS,
330219,3302,KEDUNG BANTENG,
330220,3302,BATURRADEN,
330221,3302,SUMBANG,
330222,3302,KEMBARAN,
330223,3302,SOKARAJA,
330224,3302,PURWOKERTO SELATAN,
330225,3302,PURWOKERTO BARAT,
330226,3302,PURWOKERTO TIMUR,
330227,3302,PURWOKERTO UTARA,
330301,3303,KEMANGKON,
330302,3303,BUKATEJA,
330303,3303,KEJOBONG,
330304,3303,PENGADEGAN,
330305,3303,KALIGONDANG,
330306,3303,PURBALINGGA,
330307,3303,KALIMANAH,
330308,3303,PADAMARA,
330309,3303,KUTASARI,
330310,3303,BOJONGSARI,
330311,3303,MREBET,
330312,3303,BOBOTSARI,
330313,3303,KARANGREJA,
330314,3303,KARANGJAMBU,
330315,3303,KARANGANYAR,
330316,3303,KERTANEGARA,
330317,3303,KARANGMONCOL,
330318,3303,REMBANG,
330401,3304,SUSUKAN,
330402,3304,PURWOREJO KLAMPOK,
330403,3304,MANDIRAJA,
330404,3304,PURWANEGARA,
330405,3304,BAWANG,
330406,3304,BANJARNEGARA,
330407,3304,PAGEDONGAN,
330408,3304,SIGALUH,
330409,3304,MADUKARA,
330410,3304,BANJARMANGU,
330411,3304,WANADADI,
330412,3304,RAKIT,
330413,3304,PUNGGELAN,
330414,3304,KARANGKOBAR,
330415,3304,PAGENTAN,
330416,3304,PEJAWARAN,
330417,3304,BATUR,
330418,3304,WANAYASA,
330419,3304,KALIBENING,
330420,3304,PANDANARUM,
330501,3305,AYAH,
330502,3305,BUAYAN,
330503,3305,PURING,
330504,3305,PETANAHAN,
330505,3305,KLIRONG,
330506,3305,BULUSPESANTREN,
330507,3305,AMBAL,
330508,3305,MIRIT,
330509,3305,BONOROWO,
330510,3305,PREMBUN,
330511,3305,PADURESO,
330512,3305,KUTOWINANGUN,
330513,3305,ALIAN,
330514,3305,PONCOWARNO,
330515,3305,KEBUMEN,
330516,3305,PEJAGOAN,
330517,3305,SRUWENG,
330518,3305,ADIMULYO,
330519,3305,KUWARASAN,
330520,3305,ROWOKELE,
330521,3305,SEMPOR,
330522,3305,GOMBONG,
330523,3305,KARANGANYAR,
330524,3305,KARANGGAYAM,
330525,3305,SADANG,
330526,3305,KARANGSAMBUNG,
330601,3306,GRABAG,
330602,3306,NGOMBOL,
330603,3306,PURWODADI,
330604,3306,BAGELEN,
330605,3306,KALIGESING,
330606,3306,PURWOREJO,
330607,3306,BANYU URIP,
330608,3306,BAYAN,
330609,3306,KUTOARJO,
330610,3306,BUTUH,
330611,3306,PITURUH,
330612,3306,KEMIRI,
330613,3306,BRUNO,
330614,3306,GEBANG,
330615,3306,LOANO,
330616,3306,BENER,
330701,3307,WADASLINTANG,
330702,3307,KEPIL,
330703,3307,SAPURAN,
330704,3307,KALIBAWANG,
330705,3307,KALIWIRO,
330706,3307,LEKSONO,
330707,3307,SUKOHARJO,
330708,3307,SELOMERTO,
330709,3307,KALIKAJAR,
330710,3307,KERTEK,
330711,3307,WONOSOBO,
330712,3307,WATUMALANG,
330713,3307,MOJOTENGAH,
330714,3307,GARUNG,
330715,3307,KEJAJAR,
330801,3308,SALAMAN,
330802,3308,BOROBUDUR,
330803,3308,NGLUWAR,
330804,3308,SALAM,
330805,3308,SRUMBUNG,
330806,3308,DUKUN,
330807,3308,MUNTILAN,
330808,3308,MUNGKID,
330809,3308,SAWANGAN,
330810,3308,CANDIMULYO,
330811,3308,MERTOYUDAN,
330812,3308,TEMPURAN,
330813,3308,KAJORAN,
330814,3308,KALIANGKRIK,
330815,3308,BANDONGAN,
330816,3308,WINDUSARI,
330817,3308,SECANG,
330818,3308,TEGALREJO,
330819,3308,PAKIS,
330820,3308,GRABAG,
330821,3308,NGABLAK,
330901,3309,SELO,
330902,3309,AMPEL,
330903,3309,CEPOGO,
330904,3309,MUSUK,
330905,3309,BOYOLALI,
330906,3309,MOJOSONGO,
330907,3309,TERAS,
330908,3309,SAWIT,
330909,3309,BANYUDONO,
330910,3309,SAMBI,
330911,3309,NGEMPLAK,
330912,3309,NOGOSARI,
330913,3309,SIMO,
330914,3309,KARANGGEDE,
330915,3309,KLEGO,
330916,3309,ANDONG,
330917,3309,KEMUSU,
330918,3309,WONOSEGORO,
330919,3309,JUWANGI,
331001,3310,PRAMBANAN,
331002,3310,GANTIWARNO,
331003,3310,WEDI,
331004,3310,BAYAT,
331005,3310,CAWAS,
331006,3310,TRUCUK,
331007,3310,KALIKOTES,
331008,3310,KEBONARUM,
331009,3310,JOGONALAN,
331010,3310,MANISRENGGO,
331011,3310,KARANGNONGKO,
331012,3310,NGAWEN,
331013,3310,CEPER,
331014,3310,PEDAN,
331015,3310,KARANGDOWO,
331016,3310,JUWIRING,
331017,3310,WONOSARI,
331018,3310,DELANGGU,
331019,3310,POLANHARJO,
331020,3310,KARANGANOM,
331021,3310,TULUNG,
331022,3310,JATINOM,
331023,3310,KEMALANG,
331024,3310,KLATEN SELATAN,
331025,3310,KLATEN TENGAH,
331026,3310,KLATEN UTARA,
331101,3311,WERU,
331102,3311,BULU,
331103,3311,TAWANGSARI,
331104,3311,SUKOHARJO,
331105,3311,NGUTER,
331106,3311,BENDOSARI,
331107,3311,POLOKARTO,
331108,3311,MOJOLABAN,
331109,3311,GROGOL,
331110,3311,BAKI,
331111,3311,GATAK,
331112,3311,KARTASURA,
331201,3312,PRACIMANTORO,
331202,3312,PARANGGUPITO,
331203,3312,GIRITONTRO,
331204,3312,GIRIWOYO,
331205,3312,BATUWARNO,
331206,3312,KARANGTENGAH,
331207,3312,TIRTOMOYO,
331208,3312,NGUNTORONADI,
331209,3312,BATURETNO,
331210,3312,EROMOKO,
331211,3312,WURYANTORO,
331212,3312,MANYARAN,
331213,3312,SELOGIRI,
331214,3312,WONOGIRI,
331215,3312,NGADIROJO,
331216,3312,SIDOHARJO,
331217,3312,JATIROTO,
331218,3312,KISMANTORO,
331219,3312,PURWANTORO,
331220,3312,BULUKERTO,
331221,3312,PUHPELEM,
331222,3312,SLOGOHIMO,
331223,3312,JATISRONO,
331224,3312,JATIPURNO,
331225,3312,GIRIMARTO,
331301,3313,JATIPURO,
331302,3313,JATIYOSO,
331303,3313,JUMAPOLO,
331304,3313,JUMANTONO,
331305,3313,MATESIH,
331306,3313,TAWANGMANGU,
331307,3313,NGARGOYOSO,
331308,3313,KARANGPANDAN,
331309,3313,KARANGANYAR,
331310,3313,TASIKMADU,
331311,3313,JATEN,
331312,3313,COLOMADU,
331313,3313,GONDANGREJO,
331314,3313,KEBAKKRAMAT,
331315,3313,MOJOGEDANG,
331316,3313,KERJO,
331317,3313,JENAWI,
331401,3314,KALIJAMBE,
331402,3314,PLUPUH,
331403,3314,MASARAN,
331404,3314,KEDAWUNG,
331405,3314,SAMBIREJO,
331406,3314,GONDANG,
331407,3314,SAMBUNG MACAN,
331408,3314,NGRAMPAL,
331409,3314,KARANGMALANG,
331410,3314,SRAGEN,
331411,3314,SIDOHARJO,
331412,3314,TANON,
331413,3314,GEMOLONG,
331414,3314,MIRI,
331415,3314,SUMBERLAWANG,
331416,3314,MONDOKAN,
331417,3314,SUKODONO,
331418,3314,GESI,
331419,3314,TANGEN,
331420,3314,JENAR,
331501,3315,KEDUNGJATI,
331502,3315,KARANGRAYUNG,
331503,3315,PENAWANGAN,
331504,3315,TOROH,
331505,3315,GEYER,
331506,3315,PULOKULON,
331507,3315,KRADENAN,
331508,3315,GABUS,
331509,3315,NGARINGAN,
331510,3315,WIROSARI,
331511,3315,TAWANGHARJO,
331512,3315,GROBOGAN,
331513,3315,PURWODADI,
331514,3315,BRATI,
331515,3315,KLAMBU,
331516,3315,GODONG,
331517,3315,GUBUG,
331518,3315,TEGOWANU,
331519,3315,TANGGUNGHARJO,
331601,3316,JATI,
331602,3316,RANDUBLATUNG,
331603,3316,KRADENAN,
331604,3316,KEDUNGTUBAN,
331605,3316,CEPU,
331606,3316,SAMBONG,
331607,3316,JIKEN,
331608,3316,BOGOREJO,
331609,3316,JEPON,
331610,3316,KOTA BLORA,
331611,3316,BANJAREJO,
331612,3316,TUNJUNGAN,
331613,3316,JAPAH,
331614,3316,NGAWEN,
331615,3316,KUNDURAN,
331616,3316,TODANAN,
331701,3317,SUMBER,
331702,3317,BULU,
331703,3317,GUNEM,
331704,3317,SALE,
331705,3317,SARANG,
331706,3317,SEDAN,
331707,3317,PAMOTAN,
331708,3317,SULANG,
331709,3317,KALIORI,
331710,3317,REMBANG,
331711,3317,PANCUR,
331712,3317,KRAGAN,
331713,3317,SLUKE,
331714,3317,LASEM,
331801,3318,SUKOLILO,
331802,3318,KAYEN,
331803,3318,TAMBAKROMO,
331804,3318,WINONG,
331805,3318,PUCAKWANGI,
331806,3318,JAKEN,
331807,3318,BATANGAN,
331808,3318,JUWANA,
331809,3318,JAKENAN,
331810,3318,PATI,
331811,3318,GABUS,
331812,3318,MARGOREJO,
331813,3318,GEMBONG,
331814,3318,TLOGOWUNGU,
331815,3318,WEDARIJAKSA,
331816,3318,TRANGKIL,
331817,3318,MARGOYOSO,
331818,3318,GUNUNG WUNGKAL,
331819,3318,CLUWAK,
331820,3318,TAYU,
331821,3318,DUKUHSETI,
331901,3319,KALIWUNGU,
331902,3319,KOTA KUDUS,
331903,3319,JATI,
331904,3319,UNDAAN,
331905,3319,MEJOBO,
331906,3319,JEKULO,
331907,3319,BAE,
331908,3319,GEBOG,
331909,3319,DAWE,
332001,3320,KEDUNG,
332002,3320,PECANGAAN,
332003,3320,KALINYAMATAN,
332004,3320,WELAHAN,
332005,3320,MAYONG,
332006,3320,NALUMSARI,
332007,3320,BATEALIT,
332008,3320,TAHUNAN,
332009,3320,JEPARA,
332010,3320,MLONGGO,
332011,3320,PAKIS AJI,
332012,3320,BANGSRI,
332013,3320,KEMBANG,
332014,3320,KELING,
332015,3320,DONOROJO,
332016,3320,KARIMUNJAWA,
332101,3321,MRANGGEN,
332102,3321,KARANGAWEN,
332103,3321,GUNTUR,
332104,3321,SAYUNG,
332105,3321,KARANG TENGAH,
332106,3321,BONANG,
332107,3321,DEMAK,
332108,3321,WONOSALAM,
332109,3321,DEMPET,
332110,3321,KEBONAGUNG,
332111,3321,GAJAH,
332112,3321,KARANGANYAR,
332113,3321,MIJEN,
332114,3321,WEDUNG,
332201,3322,GETASAN,
332202,3322,TENGARAN,
332203,3322,SUSUKAN,
332204,3322,KALIWUNGU,
332205,3322,SURUH,
332206,3322,PABELAN,
332207,3322,TUNTANG,
332208,3322,BANYUBIRU,
332209,3322,JAMBU,
332210,3322,SUMOWONO,
332211,3322,AMBARAWA,
332212,3322,BANDUNGAN,
332213,3322,BAWEN,
332214,3322,BRINGIN,
332215,3322,BANCAK,
332216,3322,PRINGAPUS,
332217,3322,BERGAS,
332218,3322,UNGARAN BARAT,
332219,3322,UNGARAN TIMUR,
332301,3323,PARAKAN,
332302,3323,KLEDUNG,
332303,3323,BANSARI,
332304,3323,BULU,
332305,3323,TEMANGGUNG,
332306,3323,TLOGOMULYO,
332307,3323,TEMBARAK,
332308,3323,SELOPAMPANG,
332309,3323,KRANGGAN,
332310,3323,PRINGSURAT,
332311,3323,KALORAN,
332312,3323,KANDANGAN,
332313,3323,KEDU,
332314,3323,NGADIREJO,
332315,3323,JUMO,
332316,3323,GEMAWANG,
332317,3323,CANDIROTO,
332318,3323,BEJEN,
332319,3323,TRETEP,
332320,3323,WONOBOYO,
332401,3324,PLANTUNGAN,
332402,3324,SUKOREJO,
332403,3324,PAGERRUYUNG,
332404,3324,PATEAN,
332405,3324,SINGOROJO,
332406,3324,LIMBANGAN,
332407,3324,BOJA,
332408,3324,KALIWUNGU,
332409,3324,KALIWUNGU SELATAN,
332410,3324,BRANGSONG,
332411,3324,PEGANDON,
332412,3324,NGAMPEL,
332413,3324,GEMUH,
332414,3324,RINGINARUM,
332415,3324,WELERI,
332416,3324,ROWOSARI,
332417,3324,KANGKUNG,
332418,3324,CEPIRING,
332419,3324,PATEBON,
332420,3324,KOTA KENDAL,
332501,3325,WONOTUNGGAL,
332502,3325,BANDAR,
332503,3325,BLADO,
332504,3325,REBAN,
332505,3325,BAWANG,
332506,3325,TERSONO,
332507,3325,GRINGSING,
332508,3325,LIMPUNG,
332509,3325,BANYUPUTIH,
332510,3325,SUBAH,
332511,3325,PECALUNGAN,
332512,3325,TULIS,
332513,3325,KANDEMAN,
332514,3325,BATANG,
332515,3325,WARUNG ASEM,
332601,3326,KANDANGSERANG,
332602,3326,PANINGGARAN,
332603,3326,LEBAKBARANG,
332604,3326,PETUNGKRIONO,
332605,3326,TALUN,
332606,3326,DORO,
332607,3326,KARANGANYAR,
332608,3326,KAJEN,
332609,3326,KESESI,
332610,3326,SRAGI,
332611,3326,SIWALAN,
332612,3326,BOJONG,
332613,3326,WONOPRINGGO,
332614,3326,KEDUNGWUNI,
332615,3326,KARANGDADAP,
332616,3326,BUARAN,
332617,3326,TIRTO,
332618,3326,WIRADESA,
332619,3326,WONOKERTO,
332701,3327,MOGA,
332702,3327,WARUNGPRING,
332703,3327,PULOSARI,
332704,3327,BELIK,
332705,3327,WATUKUMPUL,
332706,3327,BODEH,
332707,3327,BANTARBOLANG,
332708,3327,RANDUDONGKAL,
332709,3327,PEMALANG,
332710,3327,TAMAN,
332711,3327,PETARUKAN,
332712,3327,AMPELGADING,
332713,3327,COMAL,
332714,3327,ULUJAMI,
332801,3328,MARGASARI,
332802,3328,BUMIJAWA,
332803,3328,BOJONG,
332804,3328,BALAPULANG,
332805,3328,PAGERBARANG,
332806,3328,LEBAKSIU,
332807,3328,JATINEGARA,
332808,3328,KEDUNG BANTENG,
332809,3328,PANGKAH,
332810,3328,SLAWI,
332811,3328,DUKUHWARU,
332812,3328,ADIWERNA,
332813,3328,DUKUHTURI,
332814,3328,TALANG,
332815,3328,TARUB,
332816,3328,KRAMAT,
332817,3328,SURADADI,
332818,3328,WARUREJA,
332901,3329,SALEM,
332902,3329,BANTARKAWUNG,
332903,3329,BUMIAYU,
332904,3329,PAGUYANGAN,
332905,3329,SIRAMPOG,
332906,3329,TONJONG,
332907,3329,LARANGAN,
332908,3329,KETANGGUNGAN,
332909,3329,BANJARHARJO,
332910,3329,LOSARI,
332911,3329,TANJUNG,
332912,3329,KERSANA,
332913,3329,BULAKAMBA,
332914,3329,WANASARI,
332915,3329,SONGGOM,
332916,3329,JATIBARANG,
332917,3329,BREBES,
337101,3371,MAGELANG SELATAN,
337102,3371,MAGELANG TENGAH,
337103,3371,MAGELANG UTARA,
337201,3372,LAWEYAN,
337202,3372,SERENGAN,
337203,3372,PASAR KLIWON,
337204,3372,JEBRES,
337205,3372,BANJARSARI,
337301,3373,ARGOMULYO,
337302,3373,TINGKIR,
337303,3373,SIDOMUKTI,
337304,3373,SIDOREJO,
337401,3374,MIJEN,
337402,3374,GUNUNG PATI,
337403,3374,BANYUMANIK,
337404,3374,GAJAH MUNGKUR,
337405,3374,SEMARANG SELATAN,
337406,3374,CANDISARI,
337407,3374,TEMBALANG,
337408,3374,PEDURUNGAN,
337409,3374,GENUK,
337410,3374,GAYAMSARI,
337411,3374,SEMARANG TIMUR,
337412,3374,SEMARANG UTARA,
337413,3374,SEMARANG TENGAH,
337414,3374,SEMARANG BARAT,
337415,3374,TUGU,
337416,3374,NGALIYAN,
337501,3375,PEKALONGAN BARAT,
337502,3375,PEKALONGAN TIMUR,
337503,3375,PEKALONGAN SELATAN,
337504,3375,PEKALONGAN UTARA,
337601,3376,TEGAL SELATAN,
337602,3376,TEGAL TIMUR,
337603,3376,TEGAL BARAT,
337604,3376,MARGADANA,
340101,3401,TEMON,
340102,3401,WATES,
340103,3401,PANJATAN,
340104,3401,GALUR,
340105,3401,LENDAH,
340106,3401,SENTOLO,
340107,3401,PENGASIH,
340108,3401,KOKAP,
340109,3401,GIRIMULYO,
340110,3401,NANGGULAN,
340111,3401,KALIBAWANG,
340112,3401,SAMIGALUH,
340201,3402,SRANDAKAN,
340202,3402,SANDEN,
340203,3402,KRETEK,
340204,3402,PUNDONG,
340205,3402,BAMBANG LIPURO,
340206,3402,PANDAK,
340207,3402,BANTUL,
340208,3402,JETIS,
340209,3402,IMOGIRI,
340210,3402,DLINGO,
340211,3402,PLERET,
340212,3402,PIYUNGAN,
340213,3402,BANGUNTAPAN,
340214,3402,SEWON,
340215,3402,KASIHAN,
340216,3402,PAJANGAN,
340217,3402,SEDAYU,
340301,3403,PANGGANG,
340302,3403,PURWOSARI,
340303,3403,PALIYAN,
340304,3403,SAPTO SARI,
340305,3403,TEPUS,
340306,3403,TANJUNGSARI,
340307,3403,RONGKOP,
340308,3403,GIRISUBO,
340309,3403,SEMANU,
340310,3403,PONJONG,
340311,3403,KARANGMOJO,
340312,3403,WONOSARI,
340313,3403,PLAYEN,
340314,3403,PATUK,
340315,3403,GEDANG SARI,
340316,3403,NGLIPAR,
340317,3403,NGAWEN,
340318,3403,SEMIN,
340401,3404,MOYUDAN,
340402,3404,MINGGIR,
340403,3404,SEYEGAN,
340404,3404,GODEAN,
340405,3404,GAMPING,
340406,3404,MLATI,
340407,3404,DEPOK,
340408,3404,BERBAH,
340409,3404,PRAMBANAN,
340410,3404,KALASAN,
340411,3404,NGEMPLAK,
340412,3404,NGAGLIK,
340413,3404,SLEMAN,
340414,3404,TEMPEL,
340415,3404,TURI,
340416,3404,PAKEM,
340417,3404,CANGKRINGAN,
347101,3471,MANTRIJERON,
347102,3471,KRATON,
347103,3471,MERGANGSAN,
347104,3471,UMBULHARJO,
347105,3471,KOTAGEDE,
347106,3471,GONDOKUSUMAN,
347107,3471,DANUREJAN,
347108,3471,PAKUALAMAN,
347109,3471,GONDOMANAN,
347110,3471,NGAMPILAN,
347111,3471,WIROBRAJAN,
347112,3471,GEDONG TENGEN,
347113,3471,JETIS,
347114,3471,TEGALREJO,
350101,3501,DONOROJO,
350102,3501,PUNUNG,
350103,3501,PRINGKUKU,
350104,3501,PACITAN,
350105,3501,KEBONAGUNG,
350106,3501,ARJOSARI,
350107,3501,NAWANGAN,
350108,3501,BANDAR,
350109,3501,TEGALOMBO,
350110,3501,TULAKAN,
350111,3501,NGADIROJO,
350112,3501,SUDIMORO,
350201,3502,NGRAYUN,
350202,3502,SLAHUNG,
350203,3502,BUNGKAL,
350204,3502,SAMBIT,
350205,3502,SAWOO,
350206,3502,SOOKO,
350207,3502,PUDAK,
350208,3502,PULUNG,
350209,3502,MLARAK,
350210,3502,SIMAN,
350211,3502,JETIS,
350212,3502,BALONG,
350213,3502,KAUMAN,
350214,3502,JAMBON,
350215,3502,BADEGAN,
350216,3502,SAMPUNG,
350217,3502,SUKOREJO,
350218,3502,PONOROGO,
350219,3502,BABADAN,
350220,3502,JENANGAN,
350221,3502,NGEBEL,
350301,3503,PANGGUL,
350302,3503,MUNJUNGAN,
350303,3503,WATULIMO,
350304,3503,KAMPAK,
350305,3503,DONGKO,
350306,3503,PULE,
350307,3503,KARANGAN,
350308,3503,SURUH,
350309,3503,GANDUSARI,
350310,3503,DURENAN,
350311,3503,POGALAN,
350312,3503,TRENGGALEK,
350313,3503,TUGU,
350314,3503,BENDUNGAN,
350401,3504,BESUKI,
350402,3504,BANDUNG,
350403,3504,PAKEL,
350404,3504,CAMPUR DARAT,
350405,3504,TANGGUNG GUNUNG,
350406,3504,KALIDAWIR,
350407,3504,PUCANG LABAN,
350408,3504,REJOTANGAN,
350409,3504,NGUNUT,
350410,3504,SUMBERGEMPOL,
350411,3504,BOYOLANGU,
350412,3504,TULUNGAGUNG,
350413,3504,KEDUNGWARU,
350414,3504,NGANTRU,
350415,3504,KARANGREJO,
350416,3504,KAUMAN,
350417,3504,GONDANG,
350418,3504,PAGER WOJO,
350419,3504,SENDANG,
350501,3505,BAKUNG,
350502,3505,WONOTIRTO,
350503,3505,PANGGUNGREJO,
350504,3505,WATES,
350505,3505,BINANGUN,
350506,3505,SUTOJAYAN,
350507,3505,KADEMANGAN,
350508,3505,KANIGORO,
350509,3505,TALUN,
350510,3505,SELOPURO,
350511,3505,KESAMBEN,
350512,3505,SELOREJO,
350513,3505,DOKO,
350514,3505,WLINGI,
350515,3505,GANDUSARI,
350516,3505,GARUM,
350517,3505,NGLEGOK,
350518,3505,SANANKULON,
350519,3505,PONGGOK,
350520,3505,SRENGAT,
350521,3505,WONODADI,
350522,3505,UDANAWU,
350601,3506,MOJO,
350602,3506,SEMEN,
350603,3506,NGADILUWIH,
350604,3506,KRAS,
350605,3506,RINGINREJO,
350606,3506,KANDAT,
350607,3506,WATES,
350608,3506,NGANCAR,
350609,3506,PLOSOKLATEN,
350610,3506,GURAH,
350611,3506,PUNCU,
350612,3506,KEPUNG,
350613,3506,KANDANGAN,
350614,3506,PARE,
350615,3506,BADAS,
350616,3506,KUNJANG,
350617,3506,PLEMAHAN,
350618,3506,PURWOASRI,
350619,3506,PAPAR,
350620,3506,PAGU,
350621,3506,KAYEN KIDUL,
350622,3506,GAMPENGREJO,
350623,3506,NGASEM,
350624,3506,BANYAKAN,
350625,3506,GROGOL,
350626,3506,TAROKAN,
350701,3507,DONOMULYO,
350702,3507,KALIPARE,
350703,3507,PAGAK,
350704,3507,BANTUR,
350705,3507,GEDANGAN,
350706,3507,SUMBERMANJING,
350707,3507,DAMPIT,
350708,3507,TIRTO YUDO,
350709,3507,AMPELGADING,
350710,3507,PONCOKUSUMO,
350711,3507,WAJAK,
350712,3507,TUREN,
350713,3507,BULULAWANG,
350714,3507,GONDANGLEGI,
350715,3507,PAGELARAN,
350716,3507,KEPANJEN,
350717,3507,SUMBER PUCUNG,
350718,3507,KROMENGAN,
350719,3507,NGAJUM,
350720,3507,WONOSARI,
350721,3507,WAGIR,
350722,3507,PAKISAJI,
350723,3507,TAJINAN,
350724,3507,TUMPANG,
350725,3507,PAKIS,
350726,3507,JABUNG,
350727,3507,LAWANG,
350728,3507,SINGOSARI,
350729,3507,KARANGPLOSO,
350730,3507,DAU,
350731,3507,PUJON,
350732,3507,NGANTANG,
350733,3507,KASEMBON,
350801,3508,TEMPURSARI,
350802,3508,PRONOJIWO,
350803,3508,CANDIPURO,
350804,3508,PASIRIAN,
350805,3508,TEMPEH,
350806,3508,LUMAJANG,
350807,3508,SUMBERSUKO,
350808,3508,TEKUNG,
350809,3508,KUNIR,
350810,3508,YOSOWILANGUN,
350811,3508,ROWOKANGKUNG,
350812,3508,JATIROTO,
350813,3508,RANDUAGUNG,
350814,3508,SUKODONO,
350815,3508,PADANG,
350816,3508,PASRUJAMBE,
350817,3508,SENDURO,
350818,3508,GUCIALIT,
350819,3508,KEDUNGJAJANG,
350820,3508,KLAKAH,
350821,3508,RANUYOSO,
350901,3509,KENCONG,
350902,3509,GUMUK MAS,
350903,3509,PUGER,
350904,3509,WULUHAN,
350905,3509,AMBULU,
350906,3509,TEMPUREJO,
350907,3509,SILO,
350908,3509,MAYANG,
350909,3509,MUMBULSARI,
350910,3509,JENGGAWAH,
350911,3509,AJUNG,
350912,3509,RAMBIPUJI,
350913,3509,BALUNG,
350914,3509,UMBULSARI,
350915,3509,SEMBORO,
350916,3509,JOMBANG,
350917,3509,SUMBER BARU,
350918,3509,TANGGUL,
350919,3509,BANGSALSARI,
350920,3509,PANTI,
350921,3509,SUKORAMBI,
350922,3509,ARJASA,
350923,3509,PAKUSARI,
350924,3509,KALISAT,
350925,3509,LEDOKOMBO,
350926,3509,SUMBERJAMBE,
350927,3509,SUKOWONO,
350928,3509,JELBUK,
350929,3509,KALIWATES,
350930,3509,SUMBERSARI,
350931,3509,PATRANG,
351001,3510,PESANGGARAN,
351002,3510,SILIRAGUNG,
351003,3510,BANGOREJO,
351004,3510,PURWOHARJO,
351005,3510,TEGALDLIMO,
351006,3510,MUNCAR,
351007,3510,CLURING,
351008,3510,GAMBIRAN,
351009,3510,TEGALSARI,
351010,3510,GLENMORE,
351011,3510,KALIBARU,
351012,3510,GENTENG,
351013,3510,SRONO,
351014,3510,ROGOJAMPI,
351015,3510,KABAT,
351016,3510,SINGOJURUH,
351017,3510,SEMPU,
351018,3510,SONGGON,
351019,3510,GLAGAH,
351020,3510,LICIN,
351021,3510,BANYUWANGI,
351022,3510,GIRI,
351023,3510,KALIPURO,
351024,3510,WONGSOREJO,
351101,3511,MAESAN,
351102,3511,GRUJUGAN,
351103,3511,TAMANAN,
351104,3511,JAMBESARI DARUS SHOLAH,
351105,3511,PUJER,
351106,3511,TLOGOSARI,
351107,3511,SUKOSARI,
351108,3511,SUMBER WRINGIN,
351109,3511,TAPEN,
351110,3511,WONOSARI,
351111,3511,TENGGARANG,
351112,3511,BONDOWOSO,
351113,3511,CURAH DAMI,
351114,3511,BINAKAL,
351115,3511,PAKEM,
351116,3511,WRINGIN,
351117,3511,TEGALAMPEL,
351118,3511,TAMAN KROCOK,
351119,3511,KLABANG,
351120,3511,SEMPOL,
351121,3511,BOTOLINGGO,
351122,3511,PRAJEKAN,
351123,3511,CERMEE,
351201,3512,SUMBERMALANG,
351202,3512,JATIBANTENG,
351203,3512,BANYUGLUGUR,
351204,3512,BESUKI,
351205,3512,SUBOH,
351206,3512,MLANDINGAN,
351207,3512,BUNGATAN,
351208,3512,KENDIT,
351209,3512,PANARUKAN,
351210,3512,SITUBONDO,
351211,3512,MANGARAN,
351212,3512,PANJI,
351213,3512,KAPONGAN,
351214,3512,ARJASA,
351215,3512,JANGKAR,
351216,3512,ASEMBAGUS,
351217,3512,BANYUPUTIH,
351301,3513,SUKAPURA,
351302,3513,SUMBER,
351303,3513,KURIPAN,
351304,3513,BANTARAN,
351305,3513,LECES,
351306,3513,TEGALSIWALAN,
351307,3513,BANYUANYAR,
351308,3513,TIRIS,
351309,3513,KRUCIL,
351310,3513,GADING,
351311,3513,PAKUNIRAN,
351312,3513,KOTAANYAR,
351313,3513,PAITON,
351314,3513,BESUK,
351315,3513,KRAKSAAN,
351316,3513,KREJENGAN,
351317,3513,PAJARAKAN,
351318,3513,MARON,
351319,3513,GENDING,
351320,3513,DRINGU,
351321,3513,WONOMERTO,
351322,3513,LUMBANG,
351323,3513,TONGAS,
351324,3513,SUMBERASIH,
351401,3514,PURWODADI,
351402,3514,TUTUR,
351403,3514,PUSPO,
351404,3514,TOSARI,
351405,3514,LUMBANG,
351406,3514,PASREPAN,
351407,3514,KEJAYAN,
351408,3514,WONOREJO,
351409,3514,PURWOSARI,
351410,3514,PRIGEN,
351411,3514,SUKOREJO,
351412,3514,PANDAAN,
351413,3514,GEMPOL,
351414,3514,BEJI,
351415,3514,BANGIL,
351416,3514,REMBANG,
351417,3514,KRATON,
351418,3514,POHJENTREK,
351419,3514,GONDANG WETAN,
351420,3514,REJOSO,
351421,3514,WINONGAN,
351422,3514,GRATI,
351423,3514,LEKOK,
351424,3514,NGULING,
351501,3515,TARIK,
351502,3515,PRAMBON,
351503,3515,KREMBUNG,
351504,3515,PORONG,
351505,3515,JABON,
351506,3515,TANGGULANGIN,
351507,3515,CANDI,
351508,3515,TULANGAN,
351509,3515,WONOAYU,
351510,3515,SUKODONO,
351511,3515,SIDOARJO,
351512,3515,BUDURAN,
351513,3515,SEDATI,
351514,3515,WARU,
351515,3515,GEDANGAN,
351516,3515,TAMAN,
351517,3515,KRIAN,
351518,3515,BALONG BENDO,
351601,3516,JATIREJO,
351602,3516,GONDANG,
351603,3516,PACET,
351604,3516,TRAWAS,
351605,3516,NGORO,
351606,3516,PUNGGING,
351607,3516,KUTOREJO,
351608,3516,MOJOSARI,
351609,3516,BANGSAL,
351610,3516,MOJOANYAR,
351611,3516,DLANGGU,
351612,3516,PURI,
351613,3516,TROWULAN,
351614,3516,SOOKO,
351615,3516,GEDEK,
351616,3516,KEMLAGI,
351617,3516,JETIS,
351618,3516,DAWAR BLANDONG,
351701,3517,BANDAR KEDUNG MULYO,
351702,3517,PERAK,
351703,3517,GUDO,
351704,3517,DIWEK,
351705,3517,NGORO,
351706,3517,MOJOWARNO,
351707,3517,BARENG,
351708,3517,WONOSALAM,
351709,3517,MOJOAGUNG,
351710,3517,SUMOBITO,
351711,3517,JOGO ROTO,
351712,3517,PETERONGAN,
351713,3517,JOMBANG,
351714,3517,MEGALUH,
351715,3517,TEMBELANG,
351716,3517,KESAMBEN,
351717,3517,KUDU,
351718,3517,NGUSIKAN,
351719,3517,PLOSO,
351720,3517,KABUH,
351721,3517,PLANDAAN,
351801,3518,SAWAHAN,
351802,3518,NGETOS,
351803,3518,BERBEK,
351804,3518,LOCERET,
351805,3518,PACE,
351806,3518,TANJUNGANOM,
351807,3518,PRAMBON,
351808,3518,NGRONGGOT,
351809,3518,KERTOSONO,
351810,3518,PATIANROWO,
351811,3518,BARON,
351812,3518,GONDANG,
351813,3518,SUKOMORO,
351814,3518,NGANJUK,
351815,3518,BAGOR,
351816,3518,WILANGAN,
351817,3518,REJOSO,
351818,3518,NGLUYU,
351819,3518,LENGKONG,
351820,3518,JATIKALEN,
351901,3519,KEBONSARI,
351902,3519,GEGER,
351903,3519,DOLOPO,
351904,3519,DAGANGAN,
351905,3519,WUNGU,
351906,3519,KARE,
351907,3519,GEMARANG,
351908,3519,SARADAN,
351909,3519,PILANGKENCENG,
351910,3519,MEJAYAN,
351911,3519,WONOASRI,
351912,3519,BALEREJO,
351913,3519,MADIUN,
351914,3519,SAWAHAN,
351915,3519,JIWAN,
352001,3520,PONCOL,
352002,3520,PARANG,
352003,3520,LEMBEYAN,
352004,3520,TAKERAN,
352005,3520,NGUNTORONADI,
352006,3520,KAWEDANAN,
352007,3520,MAGETAN,
352008,3520,NGARIBOYO,
352009,3520,PLAOSAN,
352010,3520,SIDOREJO,
352011,3520,PANEKAN,
352012,3520,SUKOMORO,
352013,3520,BENDO,
352014,3520,MAOSPATI,
352015,3520,KARANGREJO,
352016,3520,KARAS,
352017,3520,BARAT,
352018,3520,KARTOHARJO,
352101,3521,SINE,
352102,3521,NGRAMBE,
352103,3521,JOGOROGO,
352104,3521,KENDAL,
352105,3521,GENENG,
352106,3521,GERIH,
352107,3521,KWADUNGAN,
352108,3521,PANGKUR,
352109,3521,KARANGJATI,
352110,3521,BRINGIN,
352111,3521,PADAS,
352112,3521,KASREMAN,
352114,3521,PARON,
352115,3521,KEDUNGGALAR,
352116,3521,PITU,
352117,3521,WIDODAREN,
352118,3521,MANTINGAN,
352119,3521,KARANGANYAR,
352201,3522,MARGOMULYO,
352202,3522,NGRAHO,
352203,3522,TAMBAKREJO,
352204,3522,NGAMBON,
352205,3522,SEKAR,
352206,3522,BUBULAN,
352207,3522,GONDANG,
352208,3522,TEMAYANG,
352209,3522,SUGIHWARAS,
352210,3522,KEDUNGADEM,
352211,3522,KEPOH BARU,
352212,3522,BAURENO,
352213,3522,KANOR,
352214,3522,SUMBEREJO,
352215,3522,BALEN,
352216,3522,SUKOSEWU,
352217,3522,KAPAS,
352218,3522,BOJONEGORO,
352219,3522,TRUCUK,
352220,3522,DANDER,
352221,3522,NGASEM,
352222,3522,KALITIDU,
352223,3522,MALO,
352224,3522,PURWOSARI,
352225,3522,PADANGAN,
352226,3522,KASIMAN,
352227,3522,KEDEWAN,
352301,3523,KENDURUAN,
352302,3523,BANGILAN,
352303,3523,SENORI,
352304,3523,SINGGAHAN,
352305,3523,MONTONG,
352306,3523,PARENGAN,
352307,3523,SOKO,
352308,3523,RENGEL,
352309,3523,GRABAGAN,
352310,3523,PLUMPANG,
352311,3523,WIDANG,
352312,3523,PALANG,
352313,3523,SEMANDING,
352314,3523,TUBAN,
352315,3523,JENU,
352316,3523,MERAKURAK,
352317,3523,KEREK,
352318,3523,TAMBAKBOYO,
352319,3523,JATIROGO,
352320,3523,BANCAR,
352401,3524,SUKORAME,
352402,3524,BLULUK,
352403,3524,NGIMBANG,
352404,3524,SAMBENG,
352405,3524,MANTUP,
352406,3524,KEMBANGBAHU,
352407,3524,SUGIO,
352408,3524,KEDUNGPRING,
352409,3524,MODO,
352410,3524,BABAT,
352411,3524,PUCUK,
352412,3524,SUKODADI,
352413,3524,LAMONGAN,
352414,3524,TIKUNG,
352415,3524,SARIREJO,
352416,3524,DEKET,
352417,3524,GLAGAH,
352418,3524,KARANGBINANGUN,
352419,3524,TURI,
352420,3524,KALITENGAH,
352421,3524,KARANG GENENG,
352422,3524,SEKARAN,
352423,3524,MADURAN,
352424,3524,LAREN,
352425,3524,SOLOKURO,
352426,3524,PACIRAN,
352427,3524,BRONDONG,
352501,3525,WRINGINANOM,
352502,3525,DRIYOREJO,
352503,3525,KEDAMEAN,
352504,3525,MENGANTI,
352505,3525,CERME,
352506,3525,BENJENG,
352507,3525,BALONGPANGGANG,
352508,3525,DUDUKSAMPEYAN,
352509,3525,KEBOMAS,
352510,3525,GRESIK,
352511,3525,MANYAR,
352512,3525,BUNGAH,
352513,3525,SIDAYU,
352514,3525,DUKUN,
352515,3525,PANCENG,
352516,3525,UJUNGPANGKAH,
352517,3525,SANGKAPURA,
352518,3525,TAMBAK,
352601,3526,KAMAL,
352602,3526,LABANG,
352603,3526,KWANYAR,
352604,3526,MODUNG,
352605,3526,BLEGA,
352606,3526,KONANG,
352607,3526,GALIS,
352608,3526,TANAH MERAH,
352609,3526,TRAGAH,
352610,3526,SOCAH,
352611,3526,BANGKALAN,
352612,3526,BURNEH,
352613,3526,AROSBAYA,
352614,3526,GEGER,
352615,3526,KOKOP,
352616,3526,TANJUNGBUMI,
352617,3526,SEPULU,
352618,3526,KLAMPIS,
352701,3527,SRESEH,
352702,3527,TORJUN,
352703,3527,PANGARENGAN,
352704,3527,SAMPANG,
352705,3527,CAMPLONG,
352706,3527,OMBEN,
352707,3527,KEDUNGDUNG,
352708,3527,JRENGIK,
352709,3527,TAMBELANGAN,
352710,3527,BANYUATES,
352711,3527,ROBATAL,
352712,3527,KARANG PENANG,
352713,3527,KETAPANG,
352714,3527,SOKOBANAH,
352801,3528,TLANAKAN,
352802,3528,PADEMAWU,
352803,3528,GALIS,
352804,3528,LARANGAN,
352805,3528,PAMEKASAN,
352806,3528,PROPPO,
352807,3528,PALENGAAN,
352808,3528,PEGANTENAN,
352809,3528,KADUR,
352810,3528,PAKONG,
352811,3528,WARU,
352812,3528,BATU MARMAR,
352813,3528,PASEAN,
352901,3529,PRAGAAN,
352902,3529,BLUTO,
352903,3529,SARONGGI,
352904,3529,GILIGENTENG,
352905,3529,TALANGO,
352906,3529,KALIANGET,
352907,3529,KOTA SUMENEP,
352908,3529,BATUAN,
352909,3529,LENTENG,
352910,3529,GANDING,
352911,3529,GULUK GULUK,
352912,3529,PASONGSONGAN,
352913,3529,AMBUNTEN,
352914,3529,RUBARU,
352915,3529,DASUK,
352916,3529,MANDING,
352917,3529,BATUPUTIH,
352918,3529,GAPURA,
352919,3529,BATANG BATANG,
352920,3529,DUNGKEK,
352921,3529,NONGGUNONG,
352922,3529,GAYAM,
352923,3529,RAAS,
352924,3529,SAPEKEN,
352925,3529,ARJASA,
352926,3529,KANGAYAN,
352927,3529,MASALEMBU,
357101,3571,MOJOROTO,
357102,3571,KOTA KEDIRI,
357103,3571,PESANTREN,
357201,3572,SUKOREJO,
357202,3572,KEPANJENKIDUL,
357203,3572,SANANWETAN,
357301,3573,KEDUNGKANDANG,
357302,3573,SUKUN,
357303,3573,KLOJEN,
357304,3573,BLIMBING,
357305,3573,LOWOKWARU,
357401,3574,KADEMANGAN,
357402,3574,KEDOPOK,
357403,3574,WONOASIH,
357404,3574,MAYANGAN,
357405,3574,KANIGARAN,
357501,3575,GADINGREJO,
357502,3575,PURWOREJO,
357503,3575,BUGULKIDUL,
357601,3576,PRAJURIT KULON,
357602,3576,MAGERSARI,
357701,3577,MANGU HARJO,
357702,3577,TAMAN,
357703,3577,KARTOHARJO,
357801,3578,KARANG PILANG,
357802,3578,JAMBANGAN,
357803,3578,GAYUNGAN,
357804,3578,WONOCOLO,
357805,3578,TENGGILIS MEJOYO,
357806,3578,GUNUNG ANYAR,
357807,3578,RUNGKUT,
357808,3578,SUKOLILO,
357809,3578,MULYOREJO,
357810,3578,GUBENG,
357811,3578,WONOKROMO,
357812,3578,DUKUH PAKIS,
357813,3578,WIYUNG,
357814,3578,LAKARSANTRI,
357815,3578,SAMBIKEREP,
357816,3578,TANDES,
357817,3578,SUKO MANUNGGAL,
357818,3578,SAWAHAN,
357819,3578,TEGALSARI,
357820,3578,GENTENG,
357821,3578,TAMBAKSARI,
357822,3578,KENJERAN,
357823,3578,BULAK,
357824,3578,SIMOKERTO,
357825,3578,SEMAMPIR,
357826,3578,PABEAN CANTIAN,
357827,3578,BUBUTAN,
357828,3578,KREMBANGAN,
357829,3578,ASEMROWO,
357830,3578,BENOWO,
357831,3578,PAKAL,
357901,3579,BATU,
357902,3579,JUNREJO,
357903,3579,BUMIAJI,
351025,3510,Blimbingsari,
351026,3510,Licin ,
350734,3507,Sumber Manjing Wetan,
357603,3576,Kranggan,
357504,3575,Panggungrejo,
352228,3522,Gayam,
351124,3511, Ijen,
360101,3601,SUMUR,
360102,3601,CIMANGGU,
360103,3601,CIBALIUNG,
360104,3601,CIBITUNG,
360105,3601,CIKEUSIK,
360106,3601,CIGEULIS,
360107,3601,PANIMBANG,
360108,3601,SOBANG,
360109,3601,MUNJUL,
360110,3601,ANGSANA,
360111,3601,SINDANGRESMI,
360112,3601,PICUNG,
360113,3601,BOJONG,
360114,3601,SAKETI,
360115,3601,CISATA,
360116,3601,PAGELARAN,
360117,3601,PATIA,
360118,3601,SUKARESMI,
360119,3601,LABUAN,
360120,3601,CARITA,
360121,3601,JIPUT,
360122,3601,CIKEDAL,
360123,3601,MENES,
360124,3601,PULOSARI,
360125,3601,MANDALAWANGI,
360126,3601,CIMANUK,
360127,3601,CIPEUCANG,
360128,3601,BANJAR,
360129,3601,KADUHEJO,
360130,3601,MEKARJAYA,
360131,3601,PANDEGLANG,
360132,3601,MAJASARI,
360133,3601,CADASARI,
360134,3601,KARANGTANJUNG,
360135,3601,KORONCONG,
360201,3602,MALINGPING,
360202,3602,WANASALAM,
360203,3602,PANGGARANGAN,
360204,3602,CIHARA,
360205,3602,BAYAH,
360206,3602,CILOGRANG,
360207,3602,CIBEBER,
360208,3602,CIJAKU,
360209,3602,CIGEMBLONG,
360210,3602,BANJARSARI,
360211,3602,CILELES,
360212,3602,GUNUNG KENCANA,
360213,3602,BOJONGMANIK,
360214,3602,CIRINTEN,
360215,3602,LEUWIDAMAR,
360216,3602,MUNCANG,
360217,3602,SOBANG,
360218,3602,CIPANAS,
360219,3602,LEBAKGEDONG,
360220,3602,SAJIRA,
360221,3602,CIMARGA,
360222,3602,CIKULUR,
360223,3602,WARUNGGUNUNG,
360224,3602,CIBADAK,
360225,3602,RANGKASBITUNG,
360226,3602,KALANGANYAR,
360227,3602,MAJA,
360228,3602,CURUGBITUNG,
360301,3603,CISOKA,
360302,3603,SOLEAR,
360303,3603,TIGARAKSA,
360304,3603,JAMBE,
360305,3603,CIKUPA,
360306,3603,PANONGAN,
360307,3603,CURUG,
360308,3603,KELAPA DUA,
360309,3603,LEGOK,
360310,3603,PAGEDANGAN,
360311,3603,CISAUK,
360312,3603,PASARKEMIS,
360313,3603,SINDANG JAYA,
360314,3603,BALARAJA,
360315,3603,JAYANTI,
360316,3603,SUKAMULYA,
360317,3603,KRESEK,
360318,3603,GUNUNG KALER,
360319,3603,KRONJO,
360320,3603,MEKAR BARU,
360321,3603,MAUK,
360322,3603,KEMIRI,
360323,3603,SUKADIRI,
360324,3603,RAJEG,
360325,3603,SEPATAN,
360326,3603,SEPATAN TIMUR,
360327,3603,PAKUHAJI,
360328,3603,TELUKNAGA,
360329,3603,KOSAMBI,
360401,3604,CINANGKA,
360402,3604,PADARINCANG,
360403,3604,CIOMAS,
360404,3604,PABUARAN,
360405,3604,GUNUNG SARI,
360406,3604,BAROS,
360407,3604,PETIR,
360408,3604,TUNJUNG TEJA,
360409,3604,CIKEUSAL,
360410,3604,PAMARAYAN,
360411,3604,BANDUNG,
360412,3604,JAWILAN,
360413,3604,KOPO,
360414,3604,CIKANDE,
360415,3604,KIBIN,
360416,3604,KRAGILAN,
360417,3604,WARINGINKURUNG,
360418,3604,MANCAK,
360419,3604,ANYAR,
360420,3604,BOJONEGARA,
360421,3604,PULO AMPEL,
360422,3604,KRAMATWATU,
360423,3604,CIRUAS,
360424,3604,PONTANG,
360425,3604,CARENANG,
360426,3604,BINUANG,
360427,3604,TIRTAYASA,
360428,3604,TANARA,
367101,3671,CILEDUG,
367102,3671,LARANGAN,
367103,3671,KARANG TENGAH,
367104,3671,CIPONDOH,
367105,3671,PINANG,
367106,3671,TANGERANG,
367107,3671,KARAWACI,
367108,3671,JATI UWUNG,
367109,3671,CIBODAS,
367110,3671,PERIUK,
367111,3671,BATUCEPER,
367112,3671,NEGLASARI,
367113,3671,BENDA,
367201,3672,CIWANDAN,
367202,3672,CITANGKIL,
367203,3672,PULOMERAK,
367204,3672,PURWAKARTA,
367205,3672,GROGOL,
367206,3672,CILEGON,
367207,3672,JOMBANG,
367208,3672,CIBEBER,
367301,3673,CURUG,
367302,3673,WALANTAKA,
367303,3673,CIPOCOK JAYA,
367304,3673,SERANG,
367305,3673,TAKTAKAN,
367306,3673,KASEMEN,
367401,3674,SETU,
367402,3674,SERPONG,
367403,3674,PAMULANG,
367404,3674,CIPUTAT,
367405,3674,CIPUTAT TIMUR,
367406,3674,PONDOK AREN,
367407,3674,SERPONG UTARA,
360429,3604,Lebak Wangi,
510101,5101,MELAYA,
510102,5101,NEGARA,
510103,5101,JEMBRANA,
510104,5101,MENDOYO,
510105,5101,PEKUTATAN,
510201,5102,SELEMADEG,
510202,5102,SELEMADEG TIMUR,
510203,5102,SELEMADEG BARAT,
510204,5102,KERAMBITAN,
510205,5102,TABANAN,
510206,5102,KEDIRI,
510207,5102,MARGA,
510208,5102,BATURITI,
510209,5102,PENEBEL,
510210,5102,PUPUAN,
510301,5103,KUTA SELATAN,
510302,5103,KUTA,
510303,5103,KUTA UTARA,
510304,5103,MENGWI,
510305,5103,ABIANSEMAL,
510306,5103,PETANG,
510401,5104,SUKAWATI,
510402,5104,BLAHBATUH,
510403,5104,GIANYAR,
510404,5104,TAMPAKSIRING,
510405,5104,UBUD,
510406,5104,TEGALLALANG,
510407,5104,PAYANGAN,
510501,5105,NUSAPENIDA,
510502,5105,BANJARANGKAN,
510503,5105,KLUNGKUNG,
510504,5105,DAWAN,
510601,5106,SUSUT,
510602,5106,BANGLI,
510603,5106,TEMBUKU,
510604,5106,KINTAMANI,
510701,5107,RENDANG,
510702,5107,SIDEMEN,
510703,5107,MANGGIS,
510704,5107,KARANGASEM,
510705,5107,ABANG,
510706,5107,BEBANDEM,
510707,5107,SELAT,
510708,5107,KUBU,
510801,5108,GEROKGAK,
510802,5108,SERIRIT,
510803,5108,BUSUNGBIU,
510804,5108,BANJAR,
510805,5108,SUKASADA,
510806,5108,BULELENG,
510807,5108,SAWAN,
510808,5108,KUBUTAMBAHAN,
510809,5108,TEJAKULA,
517101,5171,DENPASAR SELATAN,
517102,5171,DENPASAR TIMUR,
517103,5171,DENPASAR BARAT,
517104,5171,DENPASAR UTARA,
520101,5201,SEKOTONG,
520102,5201,LEMBAR,
520103,5201,GERUNG,
520104,5201,LABU API,
520105,5201,KEDIRI,
520106,5201,KURIPAN,
520107,5201,NARMADA,
520108,5201,LINGSAR,
520109,5201,GUNUNG SARI,
520110,5201,BATU LAYAR,
520201,5202,PRAYA BARAT,
520202,5202,PRAYA BARAT DAYA,
520203,5202,PUJUT,
520204,5202,PRAYA TIMUR,
520205,5202,JANAPRIA,
520206,5202,KOPANG,
520207,5202,PRAYA,
520208,5202,PRAYA TENGAH,
520209,5202,JONGGAT,
520210,5202,PRINGGARATA,
520211,5202,BATUKLIANG,
520212,5202,BATUKLIANG UTARA,
520301,5203,KERUAK,
520302,5203,JEROWARU,
520303,5203,SAKRA,
520304,5203,SAKRA BARAT,
520305,5203,SAKRA TIMUR,
520306,5203,TERARA,
520307,5203,MONTONG GADING,
520308,5203,SIKUR,
520309,5203,MASBAGIK,
520310,5203,PRINGGASELA,
520311,5203,SUKAMULIA,
520312,5203,SURALAGA,
520313,5203,SELONG,
520314,5203,LABUHAN HAJI,
520315,5203,PRINGGABAYA,
520316,5203,SUELA,
520317,5203,AIKMEL,
520318,5203,WANASABA,
520319,5203,SEMBALUN,
520320,5203,SAMBELIA,
520401,5204,LUNYUK,
520402,5204,ORONG TELU,
520403,5204,ALAS,
520404,5204,ALAS BARAT,
520405,5204,BUER,
520406,5204,UTAN,
520407,5204,RHEE,
520408,5204,BATULANTEH,
520409,5204,SUMBAWA,
520410,5204,LABUHAN BADAS,
520411,5204,UNTER IWES,
520412,5204,MOYOHILIR,
520413,5204,MOYO UTARA,
520414,5204,MOYOHULU,
520415,5204,ROPANG,
520416,5204,LENANGGUAR,
520417,5204,LANTUNG,
520418,5204,LAPE,
520419,5204,LOPOK,
520420,5204,PLAMPANG,
520421,5204,LABANGKA,
520422,5204,MARONGE,
520423,5204,EMPANG,
520424,5204,TARANO,
520501,5205,HUU,
520502,5205,PAJO,
520503,5205,DOMPU,
520504,5205,WOJA,
520505,5205,KILO,
520506,5205,KEMPO,
520507,5205,MANGGALEWA,
520508,5205,PEKAT,
520601,5206,MONTA,
520602,5206,PARADO,
520603,5206,BOLO,
520604,5206,MADA PANGGA,
520605,5206,WOHA,
520606,5206,BELO,
520607,5206,PALIBELO,
520608,5206,WAWO,
520609,5206,LANGGUDU,
520610,5206,LAMBITU,
520611,5206,SAPE,
520612,5206,LAMBU,
520613,5206,WERA,
520614,5206,AMBALAWI,
520615,5206,DONGGO,
520616,5206,SOROMANDI,
520617,5206,SANGGAR,
520618,5206,TAMBORA,
520701,5207,SEKONGKANG,
520702,5207,JEREWEH,
520703,5207,MALUK,
520704,5207,TALIWANG,
520705,5207,BRANG ENE,
520706,5207,BRANG REA,
520707,5207,SETELUK,
520708,5207,POTO TANO,
520801,5208,PEMENANG,
520802,5208,TANJUNG,
520803,5208,GANGGA,
520804,5208,KAYANGAN,
520805,5208,BAYAN,
527101,5271,AMPENAN,
527102,5271,SEKARBELA,
527103,5271,MATARAM,
527104,5271,SELAPARANG,
527105,5271,CAKRANEGARA,
527106,5271,SANDUBAYA,
527201,5272,RASANAE BARAT,
527202,5272,MPUNDA,
527203,5272,RASANAE TIMUR,
527204,5272,RABA,
527205,5272,ASAKOTA,
530101,5301,LAMBOYA,
530102,5301,WANOKAKA,
530103,5301,LABOYA BARAT,
530104,5301,LOLI,
530105,5301,KOTA WAIKABUBAK,
530106,5301,TANA RIGHU,
530201,5302,LEWA,
530202,5302,NGGAHA ORIANGU,
530203,5302,LEWA TIDAHU,
530204,5302,KATALA HAMU LINGU,
530205,5302,TABUNDUNG,
530206,5302,PINUPAHAR,
530207,5302,PABERIWAI,
530208,5302,KARERA,
530209,5302,MATAWAI LA PAWU,
530210,5302,KAHAUNGU ETI,
530211,5302,MAHU,
530212,5302,NGADU NGALA,
530213,5302,PAHUNGA LODU,
530214,5302,WULA WAIJELU,
530215,5302,RINDI,
530216,5302,UMALULU,
530217,5302,PANDAWAI,
530218,5302,KAMBATA MAPAMBUHANG,
530219,5302,KOTA WAINGAPU,
530220,5302,KAMBERA,
530221,5302,HAHARU,
530222,5302,KANATANG,
530301,5303,SEMAU,
530302,5303,SEMAU SELATAN,
530303,5303,KUPANG BARAT,
530304,5303,NEKAMESE,
530305,5303,KUPANG TENGAH,
530306,5303,TAEBENU,
530307,5303,AMARASI,
530308,5303,AMARASI BARAT,
530309,5303,AMARASI SELATAN,
530310,5303,AMARASI TIMUR,
530311,5303,KUPANG TIMUR,
530312,5303,AMABI OEFETO TIMUR,
530313,5303,AMABI OEFETO,
530314,5303,SULAMU,
530315,5303,FATULEU,
530316,5303,FATULEU TENGAH,
530317,5303,FATULEU BARAT,
530318,5303,TAKARI,
530319,5303,AMFOANG SELATAN,
530320,5303,AMFOANG BARAT DAYA,
530321,5303,AMFOANG TENGAH,
530322,5303,AMFOANG UTARA,
530323,5303,AMFOANG BARAT LAUT,
530324,5303,AMFOANG TIMUR,
530401,5304,MOLLO UTARA,
530402,5304,FATUMNASI,
530403,5304,TOBU,
530404,5304,NUNBENA,
530405,5304,MOLLO SELATAN,
530406,5304,POLEN,
530407,5304,MOLLO BARAT,
530408,5304,MOLLO TENGAH,
530409,5304,KOTA SOE,
530410,5304,AMANUBAN BARAT,
530411,5304,BATU PUTIH,
530412,5304,KUATNANA,
530413,5304,AMANUBAN SELATAN,
530414,5304,NOEBEBA,
530415,5304,KUAN FATU,
530416,5304,KUALIN,
530417,5304,AMANUBAN TENGAH,
530418,5304,KOLBANO,
530419,5304,OENINO,
530420,5304,AMANUBAN TIMUR,
530421,5304,FAUTMOLO,
530422,5304,FATUKOPA,
530423,5304,KIE,
530424,5304,KOTOLIN,
530425,5304,AMANATUN SELATAN,
530426,5304,BOKING,
530427,5304,NUNKOLO,
530428,5304,NOEBANA,
530429,5304,SANTIAN,
530430,5304,AMANATUN UTARA,
530431,5304,TOIANAS,
530432,5304,KOKBAUN,
530501,5305,MIOMAFFO BARAT,
530502,5305,MIOMAFFO TENGAH,
530503,5305,MUSI,
530504,5305,MUTIS,
530505,5305,MIOMAFFO TIMUR,
530506,5305,NOEMUTI,
530507,5305,BIKOMI SELATAN,
530508,5305,BIKOMI TENGAH,
530509,5305,BIKOMI NILULAT,
530510,5305,BIKOMI UTARA,
530511,5305,NAIBENU,
530512,5305,NOEMUTI TIMUR,
530513,5305,KOTA KEFAMENANU,
530514,5305,INSANA,
530515,5305,INSANA UTARA,
530516,5305,INSANA BARAT,
530517,5305,INSANA TENGAH,
530518,5305,INSANA FAFINESU,
530519,5305,BIBOKI SELATAN,
530520,5305,BIBOKI TANPAH,
530521,5305,BIBOKI MOENLEU,
530522,5305,BIBOKI UTARA,
530523,5305,BIBOKI ANLEU,
530524,5305,BIBOKI FEOTLEU,
530601,5306,MALAKA BARAT,
530602,5306,RINHAT,
530603,5306,WEWIKU,
530604,5306,WELIMAN,
530605,5306,MALAKA TENGAH,
530606,5306,SASITA MEAN,
530607,5306,BOTIN LEOBELE,
530608,5306,IO KUFEU,
530609,5306,MALAKA TIMUR,
530610,5306,LAEN MANEN,
530611,5306,RAI MANUK,
530612,5306,KOBALIMA,
530613,5306,KOBALIMA TIMUR,
530614,5306,TASIFETO BARAT,
530615,5306,KAKULUK MESAK,
530616,5306,NANAET DUBESI,
530617,5306,ATAMBUA,
530618,5306,ATAMBUA BARAT,
530619,5306,ATAMBUA SELATAN,
530620,5306,TASIFETO TIMUR,
530621,5306,RAIHAT,
530622,5306,LASIOLAT,
530623,5306,LAMAKNEN,
530624,5306,LAMAKNEN SELATAN,
530701,5307,PANTAR,
530702,5307,PANTAR BARAT,
530703,5307,PANTAR TIMUR,
530704,5307,PANTAR BARAT LAUT,
530705,5307,PANTAR TENGAH,
530706,5307,ALOR BARAT DAYA,
530707,5307,MATARU,
530708,5307,ALOR SELATAN,
530709,5307,ALOR TIMUR,
530710,5307,ALOR TIMUR LAUT,
530711,5307,PUREMAN,
530712,5307,TELUK MUTIARA,
530713,5307,KABOLA,
530714,5307,ALOR BARAT LAUT,
530715,5307,ALOR TENGAH UTARA,
530716,5307,PULAU PURA,
530717,5307,LEMBUR,
530801,5308,NAGAWUTUNG,
530802,5308,WULANDONI,
530803,5308,ATADEI,
530804,5308,ILE APE,
530805,5308,ILE APE TIMUR,
530806,5308,LEBATUKAN,
530807,5308,NUBATUKAN,
530808,5308,OMESURI,
530809,5308,BUYASARI,
530901,5309,WULANGGITANG,
530902,5309,TITEHENA,
530903,5309,ILEBURA,
530904,5309,TANJUNG BUNGA,
530905,5309,LEWO LEMA,
530906,5309,LARANTUKA,
530907,5309,ILE MANDIRI,
530908,5309,DEMON PAGONG,
530909,5309,SOLOR BARAT,
530910,5309,SOLOR SELATAN,
530911,5309,SOLOR TIMUR,
530912,5309,ADONARA BARAT,
530913,5309,WOTAN ULU MADO,
530914,5309,ADONARA TENGAH,
530915,5309,ADONARA TIMUR,
530916,5309,ILE BOLENG,
530917,5309,WITIHAMA,
530918,5309,KELUBAGOLIT,
530919,5309,ADONARA,
531001,5310,PAGA,
531002,5310,MEGO,
531003,5310,TANA WAWO,
531004,5310,LELA,
531005,5310,BOLA,
531006,5310,DORENG,
531007,5310,MAPITARA,
531008,5310,TALIBURA,
531009,5310,WAIGETE,
531010,5310,WAIBLAMA,
531011,5310,KEWAPANTE,
531012,5310,HEWOKLOANG,
531013,5310,KANGAE,
531014,5310,PALUE,
531015,5310,KOTING,
531016,5310,NELLE,
531017,5310,NITA,
531018,5310,MAGEPANDA,
531019,5310,ALOK,
531020,5310,ALOK BARAT,
531021,5310,ALOK TIMUR,
531101,5311,NANGAPANDA,
531102,5311,PULAU ENDE,
531103,5311,MAUKARO,
531104,5311,ENDE,
531105,5311,ENDE SELATAN,
531106,5311,ENDE TIMUR,
531107,5311,ENDE TENGAH,
531108,5311,ENDE UTARA,
531109,5311,NDONA,
531110,5311,NDONA TIMUR,
531111,5311,WOLOWARU,
531112,5311,WOLOJITA,
531113,5311,LIO TIMUR,
531114,5311,KELIMUTU,
531115,5311,NDORI,
531116,5311,MAUROLE,
531117,5311,KOTA BARU,
531118,5311,DETUKELI,
531119,5311,LEPEMBUSU KELISOKE,
531120,5311,DETUSOKO,
531121,5311,WEWARIA,
531201,5312,AIMERE,
531202,5312,JEREBUU,
531203,5312,BAJAWA,
531204,5312,GOLEWA,
531205,5312,BAJAWA UTARA,
531206,5312,SOA,
531207,5312,RIUNG,
531208,5312,RIUNG BARAT,
531209,5312,WOLOMEZE,
531301,5313,SATAR MESE,
531302,5313,SATAR MESE BARAT,
531303,5313,LANGKE REMBONG,
531304,5313,RUTENG,
531305,5313,WAE RII,
531306,5313,LELAK,
531307,5313,RAHONG UTARA,
531308,5313,CIBAL,
531309,5313,REOK,
531401,5314,ROTE BARAT DAYA,
531402,5314,ROTE BARAT LAUT,
531403,5314,LOBALAIN,
531404,5314,ROTE TENGAH,
531405,5314,ROTE SELATAN,
531406,5314,PANTAI BARU,
531407,5314,ROTE TIMUR,
531408,5314,ROTE BARAT,
531501,5315,KOMODO,
531502,5315,BOLENG,
531503,5315,SANO NGGOANG,
531504,5315,LEMBOR,
531505,5315,WELAK,
531506,5315,KUWUS,
531507,5315,MACANG PACAR,
531601,5316,KATIKUTANA,
531602,5316,KATIKUTANA SELATAN,
531603,5316,UMBU RATU NGGAY BARAT,
531604,5316,UMBU RATU NGGAY,
531605,5316,MAMBORO,
531701,5317,KODI BANGEDO,
531702,5317,KODI,
531703,5317,KODI UTARA,
531704,5317,WEWEWA SELATAN,
531705,5317,WEWEWA BARAT,
531706,5317,WEWEWA TIMUR,
531707,5317,WEWEWA UTARA,
531708,5317,LOURA,
531801,5318,MAUPONGGO,
531802,5318,KEO TENGAH,
531803,5318,NANGARORO,
531804,5318,BOAWAE,
531805,5318,AESESA SELATAN,
531806,5318,AESESA,
531807,5318,WOLOWAE,
531901,5319,BORONG,
531902,5319,KOTA KOMBA,
531903,5319,ELAR,
531904,5319,SAMBI RAMPAS,
531905,5319,POCO RANAKA,
531906,5319,LAMBA LEDA,
532001,5320,RAIJUA,
532002,5320,HAWU MEHARA,
532003,5320,SABU LIAE,
532004,5320,SABU BARAT,
532005,5320,SABU TENGAH,
532006,5320,SABU TIMUR,
537101,5371,ALAK,
537102,5371,MAULAFA,
537103,5371,OEBOBO,
537104,5371,KOTA RAJA,
537105,5371,KELAPA LIMA,
537106,5371,KOTA LAMA,
531709,5317,Kodi Balaghar,
531710,5317,Kota Tambolaka,
531711,5317,Wewewa Tengah,
531310,5313,Cibal Barat,
531311,5313,Reok Barat,
531907,5319,Elar Selatan,
531908,5319,Poco Ranaka Timur,
531909,5319,Rana Mese,
531508,5315,Lembor Selatan,
531509,5315,Mbeliling,
531510,5315,Ndoso,
530625,5306,Kota Atambua,
530626,5306,Nanaet Duabesi,
531210,5312,Golewa Barat,
531211,5312,Golewa Selatan,
531212,5312,Inerie,
530107,5301,Waikabubak,
530108,5301,Lamboya Barat,
531409,5314,Landu Leko,
531410,5314,Ndao Nuse,
532101,5321,Botin Leobele,
532102,5321,Io Kufeu,
532103,5321,Kobalima,
532104,5321,Kobalima Timur,
532105,5321,Laenmanen,
532106,5321,Malaka Barat,
532107,5321,Malaka Tengah,
532108,5321,Malaka Timur,
532109,5321,Rinhat,
532110,5321,Sasitamean,
532111,5321,Weliman,
532112,5321,Wewiku,
610101,6101,SELAKAU,
610102,6101,SELAKAU TIMUR,
610103,6101,PEMANGKAT,
610104,6101,SEMPARUK,
610105,6101,SALATIGA,
610106,6101,TEBAS,
610107,6101,TEKARANG,
610108,6101,SAMBAS,
610109,6101,SUBAH,
610110,6101,SEBAWI,
610111,6101,SAJAD,
610112,6101,JAWAI,
610113,6101,JAWAI SELATAN,
610114,6101,TELUK KERAMAT,
610115,6101,GALING,
610116,6101,TANGARAN,
610117,6101,SEJANGKUNG,
610118,6101,SAJINGAN BESAR,
610119,6101,PALOH,
610201,6102,SUNGAI RAYA,
610202,6102,CAPKALA,
610203,6102,SUNGAI RAYA KEPULAUAN,
610204,6102,SAMALANTAN,
610205,6102,MONTERADO,
610206,6102,LEMBAH BAWANG,
610207,6102,BENGKAYANG,
610208,6102,TERIAK,
610209,6102,SUNGAI BETUNG,
610210,6102,LEDO,
610211,6102,SUTI SEMARANG,
610212,6102,LUMAR,
610213,6102,SANGGAU LEDO,
610214,6102,TUJUHBELAS,
610215,6102,SELUAS,
610216,6102,JAGOI BABANG,
610217,6102,SIDING,
610301,6103,SEBANGKI,
610302,6103,NGABANG,
610303,6103,JELIMPO,
610304,6103,SENGAH TEMILA,
610305,6103,MANDOR,
610306,6103,MENJALIN,
610307,6103,MEMPAWAH HULU,
610308,6103,SOMPAK,
610309,6103,MENYUKE,
610310,6103,BANYUKE HULU,
610311,6103,MERANTI,
610312,6103,KUALA BEHE,
610313,6103,AIR BESAR,
610402,6104,SEGEDONG,
610403,6104,SUNGAI PINYUH,
610404,6104,ANJONGAN,
610405,6104,MEMPAWAH HILIR,
610406,6104,MEMPAWAH TIMUR,
610407,6104,SUNGAI KUNYIT,
610408,6104,TOHO,
610409,6104,SADANIANG,
610501,6105,TOBA,
610502,6105,MELIAU,
610503,6105,KAPUAS,
610504,6105,MUKOK,
610505,6105,JANGKANG,
610506,6105,BONTI,
610507,6105,PARINDU,
610508,6105,TAYAN HILIR,
610509,6105,BALAI,
610510,6105,TAYAN HULU,
610511,6105,KEMBAYAN,
610512,6105,BEDUWAI,
610513,6105,NOYAN,
610514,6105,SEKAYAM,
610515,6105,ENTIKONG,
610601,6106,KENDAWANGAN,
610602,6106,MANIS MATA,
610603,6106,MARAU,
610604,6106,SINGKUP,
610605,6106,AIR UPAS,
610606,6106,JELAI HULU,
610607,6106,TUMBANG TITI,
610608,6106,PEMAHAN,
610609,6106,SUNGAI MELAYU RAYAK,
610610,6106,MATAN HILIR SELATAN,
610611,6106,BENUA KAYONG,
610612,6106,MATAN HILIR UTARA,
610613,6106,DELTA PAWAN,
610614,6106,MUARA PAWAN,
610615,6106,NANGA TAYAP,
610616,6106,SANDAI,
610617,6106,HULU SUNGAI,
610618,6106,SUNGAI LAUR,
610619,6106,SIMPANG HULU,
610620,6106,SIMPANG DUA,
610701,6107,SERAWAI,
610702,6107,AMBALAU,
610703,6107,KAYAN HULU,
610704,6107,SEPAUK,
610705,6107,TEMPUNAK,
610706,6107,SUNGAI TEBELIAN,
610707,6107,SINTANG,
610708,6107,DEDAI,
610709,6107,KAYAN HILIR,
610710,6107,KELAM PERMAI,
610711,6107,BINJAI HULU,
610712,6107,KETUNGAU HILIR,
610713,6107,KETUNGAU TENGAH,
610714,6107,KETUNGAU HULU,
610801,6108,SILAT HILIR,
610802,6108,SILAT HULU,
610803,6108,HULU GURUNG,
610804,6108,BUNUT HULU,
610805,6108,MENTEBAH,
610806,6108,BIKA,
610807,6108,KALIS,
610808,6108,PUTUSSIBAU SELATAN,
610809,6108,HULU KAPUAS,
610810,6108,EMBALOH HILIR,
610811,6108,BUNUT HILIR,
610812,6108,BOYAN TANJUNG,
610813,6108,PENGKADAN,
610814,6108,JONGKONG,
610815,6108,SELIMBAU,
610816,6108,DANAU SENTARUM,
610817,6108,SUHAID,
610818,6108,SEBERUANG,
610819,6108,SEMITAU,
610820,6108,EMPANANG,
610821,6108,PURING KENCANA,
610822,6108,BADAU,
610823,6108,BATANG LUPAR,
610824,6108,EMBALOH HULU,
610825,6108,PUTUSSIBAU UTARA,
610901,6109,NANGA MAHAP,
610902,6109,NANGA TAMAN,
610903,6109,SEKADAU HULU,
610904,6109,SEKADAU HILIR,
610905,6109,BELITANG HILIR,
610906,6109,BELITANG,
610907,6109,BELITANG HULU,
611001,6110,SOKAN,
611002,6110,TANAH PINOH,
611003,6110,TANAH PINOH BARAT,
611004,6110,SAYAN,
611005,6110,BELIMBING,
611006,6110,BELIMBING HULU,
611007,6110,NANGA PINOH,
611008,6110,PINOH SELATAN,
611009,6110,PINOH UTARA,
611010,6110,ELLA HILIR,
611011,6110,MENUKUNG,
611101,6111,PULAU MAYA KARIMATA,
611102,6111,SUKADANA,
611103,6111,SIMPANG HILIR,
611104,6111,TELUK BATANG,
611105,6111,SEPONTI,
611201,6112,BATU AMPAR,
611202,6112,TERENTANG,
611203,6112,KUBU,
611204,6112,TELOK PAKEDAI,
611205,6112,SUNGAI KAKAP,
611206,6112,RASAU JAYA,
611207,6112,SUNGAI RAYA,
611208,6112,SUNGAI AMBAWANG,
611209,6112,KUALA MANDOR-B,
617101,6171,PONTIANAK SELATAN,
617102,6171,PONTIANAK TENGGARA,
617103,6171,PONTIANAK TIMUR,
617104,6171,PONTIANAK BARAT,
617105,6171,PONTIANAK KOTA,
617106,6171,PONTIANAK UTARA,
617201,6172,SINGKAWANG SELATAN,
617202,6172,SINGKAWANG TIMUR,
617203,6172,SINGKAWANG UTARA,
617204,6172,SINGKAWANG BARAT,
617205,6172,SINGKAWANG TENGAH,
611106,6111,Kepulauan Karimata,
611107,6111,Pulau Maya,
620101,6201,KOTAWARINGIN LAMA,
620102,6201,ARUT SELATAN,
620103,6201,KUMAI,
620104,6201,PANGKALAN BANTENG,
620105,6201,PANGKALAN LADA,
620106,6201,ARUT UTARA,
620201,6202,MENTAYA HILIR SELATAN,
620202,6202,TELUK SAMPIT,
620203,6202,PULAU HANAUT,
620204,6202,MENTAWA BARU/KETAPANG,
620205,6202,SERANAU,
620206,6202,MENTAYA HILIR UTARA,
620207,6202,KOTA BESI,
620208,6202,TELAWANG,
620209,6202,BAAMANG,
620210,6202,CEMPAGA,
620211,6202,CEMPAGA HULU,
620212,6202,PARENGGEAN,
620213,6202,MENTAYA HULU,
620214,6202,BUKIT SANTUAI,
620215,6202,ANTANG KALANG,
620301,6203,KAPUAS KUALA,
620302,6203,TAMBAN CATUR,
620303,6203,KAPUAS TIMUR,
620304,6203,SELAT,
620305,6203,BATAGUH,
620306,6203,BASARANG,
620307,6203,KAPUAS HILIR,
620308,6203,PULAU PETAK,
620309,6203,KAPUAS MURUNG,
620310,6203,DADAHUP,
620311,6203,KAPUAS BARAT,
620312,6203,MANTANGAI,
620313,6203,TIMPAH,
620314,6203,KAPUAS TENGAH,
620315,6203,PASAK TALAWANG,
620316,6203,KAPUAS HULU,
620317,6203,MANDAU TALAWANG,
620401,6204,JENAMAS,
620402,6204,DUSUN HILIR,
620403,6204,KARAU KUALA,
620404,6204,DUSUN SELATAN,
620405,6204,DUSUN UTARA,
620406,6204,GUNUNG BINTANG AWAI,
620501,6205,MONTALAT,
620502,6205,GUNUNG TIMANG,
620503,6205,GUNUNG PUREI,
620504,6205,TEWEH TIMUR,
620505,6205,TEWEH TENGAH,
620506,6205,LAHEI,
620601,6206,JELAI,
620602,6206,PANTAI LUNCI,
620603,6206,SUKAMARA,
620604,6206,BALAI RIAM,
620605,6206,PERMATA KECUBUNG,
620701,6207,BULIK,
620702,6207,SEMATU JAYA,
620703,6207,MENTHOBI RAYA,
620704,6207,BULIK TIMUR,
620705,6207,LAMANDAU,
620706,6207,BELANTIKAN RAYA,
620707,6207,DELANG,
620708,6207,BATANGKAWA,
620801,6208,SERUYAN HILIR,
620802,6208,SERUYAN HILIR TIMUR,
620803,6208,DANAU SEMBULUH,
620804,6208,SERUYAN RAYA,
620805,6208,HANAU,
620806,6208,DANAU SELULUK,
620807,6208,SERUYAN TENGAH,
620808,6208,BATU AMPAR,
620809,6208,SERUYAN HULU,
620810,6208,SULING TAMBUN,
620901,6209,KATINGAN KUALA,
620902,6209,MENDAWAI,
620903,6209,KAMIPANG,
620904,6209,TASIK PAYAWAN,
620905,6209,KATINGAN HILIR,
620906,6209,TEWANG SANGALANG GARING,
620907,6209,PULAU MALAN,
620908,6209,KATINGAN TENGAH,
620909,6209,SANAMAN MANTIKEI,
620910,6209,PETAK MALAI,
620911,6209,MARIKIT,
620912,6209,KATINGAN HULU,
620913,6209,BUKIT RAYA,
621001,6210,KAHAYAN KUALA,
621002,6210,SEBANGAU KUALA,
621003,6210,PANDIH BATU,
621004,6210,MALIKU,
621005,6210,KAHAYAN HILIR,
621006,6210,JABIREN RAYA,
621007,6210,KAHAYAN TENGAH,
621008,6210,BANAMA TINGANG,
621101,6211,MANUHING,
621102,6211,MANUHING RAYA,
621103,6211,RUNGAN,
621104,6211,RUNGAN HULU,
621105,6211,SEPANG,
621106,6211,MIHING RAYA,
621107,6211,KURUN,
621108,6211,TEWAH,
621109,6211,KAHAYAN HULU UTARA,
621110,6211,DAMANG BATU,
621111,6211,MIRI MANASA,
621201,6212,BENUA LIMA,
621202,6212,DUSUN TIMUR,
621203,6212,PAJU EPAT,
621204,6212,AWANG,
621205,6212,PATANGKEP TUTUI,
621206,6212,DUSUN TENGAH,
621207,6212,RAREN BATUAH,
621208,6212,PAKU,
621209,6212,KARUSEN JANANG,
621210,6212,PEMATANG KARAU,
621301,6213,PERMATA INTAN,
621302,6213,SUNGAI BABUAT,
621303,6213,MURUNG,
621304,6213,LAUNG TUHUP,
621305,6213,BARITO TUHUP RAYA,
621306,6213,TANAH SIANG,
621307,6213,TANAH SIANG SELATAN,
621308,6213,SUMBER BARITO,
621309,6213,SERIBU RIAM,
621310,6213,UUT MURUNG,
627101,6271,PAHANDUT,
627102,6271,SEBANGAU,
627103,6271,JEKAN RAYA,
627104,6271,BUKIT BATU,
627105,6271,RAKUMPIT,
620216,6202,Telaga Antang,
620217,6202,Tualan Hulu,
620507,6205,Lahei Barat,
620508,6205,Teweh Baru,
620509,6205,Teweh Selatan,
621112,6211,Rungan Barat,
630101,6301,PANYIPATAN,
630102,6301,TAKISUNG,
630103,6301,KURAU,
630104,6301,BUMI MAKMUR,
630105,6301,BATI - BATI,
630106,6301,TAMBANG ULANG,
630107,6301,PELAIHARI,
630108,6301,BAJUIN,
630109,6301,BATU AMPAR,
630110,6301,JORONG,
630111,6301,KINTAP,
630201,6302,PULAU SEMBILAN,
630202,6302,PULAU LAUT BARAT,
630203,6302,PULAU LAUT SELATAN,
630204,6302,PULAU LAUT KEPULAUAN,
630205,6302,PULAU LAUT TIMUR,
630206,6302,PULAU SEBUKU,
630207,6302,PULAU LAUT UTARA,
630208,6302,PULAU LAUT TENGAH,
630209,6302,KELUMPANG SELATAN,
630210,6302,KELUMPANG HILIR,
630211,6302,KELUMPANG HULU,
630212,6302,HAMPANG,
630213,6302,SUNGAI DURIAN,
630214,6302,KELUMPANG TENGAH,
630215,6302,KELUMPANG BARAT,
630216,6302,KELUMPANG UTARA,
630217,6302,PAMUKAN SELATAN,
630218,6302,SAMPANAHAN,
630219,6302,PAMUKAN UTARA,
630220,6302,PAMUKAN BARAT,
630301,6303,ALUH - ALUH,
630302,6303,BERUNTUNG BARU,
630303,6303,GAMBUT,
630304,6303,KERTAK HANYAR,
630305,6303,TATAH MAKMUR,
630306,6303,SUNGAI TABUK,
630307,6303,MARTAPURA,
630308,6303,MARTAPURA TIMUR,
630309,6303,MARTAPURA BARAT,
630310,6303,ASTAMBUL,
630311,6303,KARANG INTAN,
630312,6303,ARANIO,
630313,6303,SUNGAI PINANG,
630314,6303,PARAMASAN,
630315,6303,PENGARON,
630316,6303,SAMBUNG MAKMUR,
630317,6303,MATARAMAN,
630318,6303,SIMPANG EMPAT,
630319,6303,TELAGA BAUNTUNG,
630401,6304,TABUNGANEN,
630402,6304,TAMBAN,
630403,6304,MEKAR SARI,
630404,6304,ANJIR PASAR,
630405,6304,ANJIR MUARA,
630406,6304,ALALAK,
630407,6304,MANDASTANA,
630408,6304,JEJANGKIT,
630409,6304,BELAWANG,
630410,6304,WANARAYA,
630411,6304,BARAMBAI,
630412,6304,RANTAU BADAUH,
630413,6304,CERBON,
630414,6304,BAKUMPAI,
630415,6304,MARABAHAN,
630416,6304,TABUKAN,
630417,6304,KURIPAN,
630501,6305,BINUANG,
630502,6305,HATUNGUN,
630503,6305,TAPIN SELATAN,
630504,6305,SALAM BABARIS,
630505,6305,TAPIN TENGAH,
630506,6305,BUNGUR,
630507,6305,PIANI,
630508,6305,LOKPAIKAT,
630509,6305,TAPIN UTARA,
630510,6305,BAKARANGAN,
630511,6305,CANDI LARAS SELATAN,
630512,6305,CANDI LARAS UTARA,
630601,6306,PADANG BATUNG,
630602,6306,LOKSADO,
630603,6306,TELAGA LANGSAT,
630604,6306,ANGKINANG,
630605,6306,KANDANGAN,
630606,6306,SUNGAI RAYA,
630607,6306,SIMPUR,
630608,6306,KALUMPANG,
630609,6306,DAHA SELATAN,
630610,6306,DAHA BARAT,
630611,6306,DAHA UTARA,
630701,6307,HARUYAN,
630702,6307,BATU BENAWA,
630703,6307,HANTAKAN,
630704,6307,BATANG ALAI SELATAN,
630705,6307,BATANG ALAI TIMUR,
630706,6307,BARABAI,
630707,6307,LABUAN AMAS SELATAN,
630708,6307,LABUAN AMAS UTARA,
630709,6307,PANDAWAN,
630710,6307,BATANG ALAI UTARA,
630711,6307,LIMPASU,
630801,6308,DANAU PANGGANG,
630802,6308,PAMINGGIR,
630803,6308,BABIRIK,
630804,6308,SUNGAI PANDAN,
630805,6308,SUNGAI TABUKAN,
630806,6308,AMUNTAI SELATAN,
630807,6308,AMUNTAI TENGAH,
630808,6308,BANJANG,
630809,6308,AMUNTAI UTARA,
630810,6308,HAUR GADING,
630901,6309,BANUA LAWAS,
630902,6309,PUGAAN,
630903,6309,KELUA,
630904,6309,MUARA HARUS,
630905,6309,TANTA,
630906,6309,TANJUNG,
630907,6309,MURUNG PUDAK,
630908,6309,HARUAI,
630909,6309,BINTANG ARA,
630910,6309,UPAU,
630911,6309,MUARA UYA,
630912,6309,JARO,
631001,6310,KUSAN HILIR,
631002,6310,SUNGAI LOBAN,
631003,6310,SATUI,
631004,6310,ANGSANA,
631005,6310,KUSAN HULU,
631006,6310,KURANJI,
631007,6310,BATU LICIN,
631008,6310,KARANG BINTANG,
631009,6310,SIMPANG EMPAT,
631010,6310,MANTEWE,
631101,6311,LAMPIHONG,
631102,6311,BATU MANDI,
631103,6311,AWAYAN,
631104,6311,TEBING TINGGI,
631105,6311,PARINGIN,
631106,6311,PARINGIN SELATAN,
631107,6311,JUAI,
631108,6311,HALONG,
637101,6371,BANJARMASIN SELATAN,
637102,6371,BANJARMASIN TIMUR,
637103,6371,BANJARMASIN BARAT,
637104,6371,BANJARMASIN TENGAH,
637105,6371,BANJARMASIN UTARA,
637201,6372,LANDASAN ULIN,
637202,6372,LIANG ANGGANG,
637203,6372,CEMPAKA,
637204,6372,BANJAR BARU UTARA,
637205,6372,BANJAR BARU SELATAN,
630221,6302,Pulau Laut Tanjung Selayar,
630320,6303,Cipanturi Darussalam,
640101,6401,BATU SOPANG,
640102,6401,MUARA SAMU,
640103,6401,BATU ENGAU,
640104,6401,TANJUNG HARAPAN,
640105,6401,PASIR BELENGKONG,
640106,6401,TANAH GROGOT,
640107,6401,KUARO,
640108,6401,LONG IKIS,
640109,6401,MUARA KOMAM,
640110,6401,LONG KALI,
640201,6402,BONGAN,
640202,6402,JEMPANG,
640203,6402,PENYINGGAHAN,
640204,6402,MUARA PAHU,
640205,6402,SILUQ NGURAI,
640206,6402,MUARA LAWA,
640207,6402,BENTIAN BESAR,
640208,6402,DAMAI,
640209,6402,NYUATAN,
640210,6402,BARONG TONGKOK,
640211,6402,LINGGANG BIGUNG,
640212,6402,MELAK,
640213,6402,SEKOLAQ DARAT,
640214,6402,Mook Manaar Bulatn,
640215,6402,LONG IRAM,
640216,6402,TERING,
640217,6402,LONG HUBUNG,
640218,6402,LAHAM,
640219,6402,LONG BAGUN,
640220,6402,LONG PAHANGAI,
640221,6402,LONG APARI,
640301,6403,SEMBOJA,
640302,6403,MUARA JAWA,
640303,6403,SANGA-SANGA,
640304,6403,LOA JANAN,
640305,6403,LOA KULU,
640306,6403,MUARA MUNTAI,
640307,6403,MUARA WIS,
640308,6403,KOTABANGUN,
640309,6403,TENGGARONG,
640310,6403,SEBULU,
640311,6403,TENGGARONG SEBERANG,
640312,6403,ANGGANA,
640313,6403,MUARA BADAK,
640314,6403,MARANG KAYU,
640315,6403,MUARA KAMAN,
640316,6403,KENOHAN,
640317,6403,KEMBANG JANGGUT,
640318,6403,TABANG,
640401,6404,MUARA ANCALONG,
640402,6404,BUSANG,
640403,6404,LONG MESANGAT,
640404,6404,MUARA WAHAU,
640405,6404,TELEN,
640406,6404,KONGBENG,
640407,6404,MUARA BENGKAL,
640408,6404,BATU AMPAR,
640409,6404,SANGATTA UTARA,
640410,6404,BENGALON,
640411,6404,TELUK PANDAN,
640412,6404,SANGATTA SELATAN,
640413,6404,RANTAU PULUNG,
640414,6404,SANGKULIRANG,
640415,6404,KALIORANG,
640416,6404,SANDARAN,
640417,6404,KAUBUN,
640418,6404,KARANGAN,
640501,6405,KELAY,
640502,6405,TALISAYAN,
640503,6405,TABALAR,
640504,6405,BIDUK BIDUK,
640505,6405,PULAU DERAWAN,
640506,6405,MARATUA,
640507,6405,SAMBALIUNG,
640508,6405,TANJUNG REDEB,
640509,6405,GUNUNG TABUR,
640510,6405,SEGAH,
640511,6405,TELUK BAYUR,
640512,6405,BATU PUTIH,
640513,6405,BIATAN,
640601,6406,KAYAN HULU,
640602,6406,SUNGAI BOH,
640603,6406,KAYAN SELATAN,
640604,6406,KAYAN HILIR,
640605,6406,PUJUNGAN,
640606,6406,BAHAU HULU,
640607,6406,MALINAU KOTA,
640608,6406,MALINAU SELATAN,
640609,6406,MALINAU BARAT,
640610,6406,MALINAU UTARA,
640611,6406,MENTARANG,
640612,6406,MENTARANG HULU,
640701,6407,PESO,
640702,6407,PESO HILIR,
640703,6407,TANJUNG PALAS,
640704,6407,TANJUNG PALAS BARAT,
640705,6407,TANJUNG PALAS UTARA,
640706,6407,TANJUNG PALAS TIMUR,
640707,6407,TANJUNG SELOR,
640708,6407,TANJUNG PALAS TENGAH,
640709,6407,SEKATAK,
640710,6407,BUNYU,
640801,6408,KRAYAN,
640802,6408,KRAYAN SELATAN,
640803,6408,LUMBIS,
640804,6408,SEMBAKUNG,
640805,6408,NUNUKAN,
640806,6408,SEBUKU,
640807,6408,NUNUKAN SELATAN,
640808,6408,SEBATIK,
640809,6408,SEBATIK BARAT,
640901,6409,BABULU,
640902,6409,WARU,
640903,6409,PENAJAM,
640904,6409,SEPAKU,
641001,6410,SESAYAP,
641002,6410,SESAYAP HILIR,
641003,6410,TANA LIA,
647101,6471,BALIKPAPAN SELATAN,
647102,6471,BALIKPAPAN TIMUR,
647103,6471,BALIKPAPAN UTARA,
647104,6471,BALIKPAPAN TENGAH,
647105,6471,BALIKPAPAN BARAT,
647201,6472,PALARAN,
647202,6472,SAMARINDA ILIR,
647203,6472,SAMARINDA KOTA,
647204,6472,SAMBUTAN,
647205,6472,SAMARINDA SEBERANG,
647206,6472,LOA JANAN ILIR,
647207,6472,SUNGAI KUNJANG,
647208,6472,SAMARINDA ULU,
647209,6472,SAMARINDA UTARA,
647210,6472,SUNGAI PINANG,
647301,6473,TARAKAN TIMUR,
647302,6473,TARAKAN TENGAH,
647303,6473,TARAKAN BARAT,
647304,6473,TARAKAN UTARA,
647401,6474,BONTANG SELATAN,
647402,6474,BONTANG UTARA,
647403,6474,BONTANG BARAT,
647106,6471,Balikpapan Kota,
647501,6475,Laham,
647502,6476,Long Apari,
647503,6477,Long Bagun,
647504,6478,Long Hubung,
647505,6479,Long Pahangai,
650101,6501,Nunukan,
650102,6501,Nunukan Selatan,
650103,6501,Lumbis,
650104,6501,Sebuku,
650105,6501,Sebatik Barat,
650106,6501,Tulin Onsoi,
650107,6501,Sembakung,
650108,6501,Sebatik,
650109,6501,Krayan,
650110,6501,Sei Menggaris,
650111,6501,Sebatik Tengah,
650112,6501,Sebatik Timur,
650113,6501,Sebatik Utara,
650114,6501,Lumbis Ogong,
650115,6501,Krayan Selatan,
650201,6502,Peso,
650202,6502,Peso Hilir,
650203,6502,Pulau Bunyu,
650204,6502,Sekatak,
650205,6502,Tanjung Palas,
650206,6502,Tanjung Palas Barat,
650207,6502,Tanjung Palas Tengah,
650208,6502,Tanjung Palas Timur,
650209,6502,Tanjung Palas Utara,
650210,6502,Tanjung Selor,
650301,6503,Bahau Hulu,
650302,6503,Kayan Hilir,
650303,6503,Kayan Hulu,
650304,6503,Kayan Selatan,
650305,6503,Malinau Barat,
650306,6503,Malinau Kota,
650307,6503,Malinau Selatan,
650308,6503,Malinau Selatan Hilir,
650309,6503,Malinau Selatan Hulu,
650310,6503,Malinau Utara,
650311,6503,Mentarang,
650312,6503,Mentarang Hulu,
650313,6503,Pujungan,
650314,6503,Sungai Boh,
650315,6503,Sungai Tubu,
650316,6503,Betayau,
650317,6503,Muruk Rian,
650318,6503,Sesayap,
650319,6503,Sesayap Hilir,
650320,6503,Tanah Lia,
650401,6504,Betayau,
650402,6504,Muruk Rian,
650403,6504,Sesayap,
650404,6504,Sesayap Hilir,
650405,6504,Tanah Lia,
657101,6571,Tarakan Barat,
657102,6571,Tarakan Tengah,
657103,6571,Tarakan Timur,
657104,6571,Tarakan Utara,
710101,7101,DUMOGA BARAT,
710102,7101,DUMOGA UTARA,
710103,7101,DUMOGA TIMUR,
710104,7101,LOLAYAN,
710105,7101,PASSI BARAT,
710106,7101,PASSI TIMUR,
710107,7101,BILALANG,
710108,7101,POIGAR,
710109,7101,BOLAANG,
710110,7101,BOLAANG TIMUR,
710111,7101,LOLAK,
710112,7101,SANGTOMBOLANG,
710201,7102,LANGOWAN TIMUR,
710202,7102,LANGOWAN BARAT,
710203,7102,LANGOWAN SELATAN,
710204,7102,LANGOWAN UTARA,
710205,7102,TOMPASO,
710206,7102,KAWANGKOAN,
710207,7102,KAWANGKOAN BARAT,
710208,7102,KAWANGKOAN UTARA,
710209,7102,SONDER,
710210,7102,TOMBARIRI,
710211,7102,PINELENG,
710212,7102,TOMBULU,
710213,7102,TONDANO BARAT,
710214,7102,TONDANO SELATAN,
710215,7102,REMBOKEN,
710216,7102,KAKAS,
710217,7102,KAKAS BARAT,
710218,7102,LEMBEAN TIMUR,
710219,7102,ERIS,
710220,7102,KOMBI,
710221,7102,TONDANO TIMUR,
710222,7102,TONDANO UTARA,
710301,7103,MANGANITU SELATAN,
710302,7103,TATOARENG,
710303,7103,TAMAKO,
710304,7103,TABUKAN SELATAN,
710305,7103,Tabukan Selatan Tengah,
710306,7103,Tabukan Selatan Tenggara,
710307,7103,TABUKAN TENGAH,
710308,7103,MANGANITU,
710309,7103,TAHUNA,
710310,7103,TAHUNA TIMUR,
710311,7103,TAHUNA BARAT,
710312,7103,TABUKAN UTARA,
710313,7103,NUSA TABUKAN,
710314,7103,KEPULAUAN MARORE,
710315,7103,KENDAHE,
710401,7104,KABARUAN,
710402,7104,DAMAU,
710403,7104,LIRUNG,
710404,7104,SALIBABU,
710405,7104,KALONGAN,
710406,7104,MORONGE,
710407,7104,MELONGUANE,
710408,7104,MELONGUANE TIMUR,
710409,7104,BEO,
710410,7104,BEO UTARA,
710411,7104,BEO SELATAN,
710412,7104,RAINIS,
710413,7104,TAMPA NAMMA,
710414,7104,PULUTAN,
710415,7104,ESSANG,
710416,7104,ESSANG SELATAN,
710417,7104,GEMEH,
710418,7104,NANUSA,
710419,7104,MIANGAS,
710501,7105,MODOINDING,
710502,7105,TOMPASO BARU,
710503,7105,MAESAAN,
710504,7105,RANOYAPO,
710505,7105,MOTOLING,
710506,7105,KUMELEMBUAI,
710507,7105,MOTOLING BARAT,
710508,7105,MOTOLING TIMUR,
710509,7105,SINONSAYANG,
710510,7105,TENGA,
710511,7105,AMURANG,
710512,7105,AMURANG BARAT,
710513,7105,AMURANG TIMUR,
710514,7105,TARERAN,
710515,7105,Suluun Tarerang,
710516,7105,TUMPAAN,
710517,7105,TATAPAAN,
710601,7106,KEMA,
710602,7106,KAUDITAN,
710603,7106,AIRMADIDI,
710604,7106,KALAWAT,
710605,7106,DIMEMBE,
710606,7106,TALAWAAN,
710607,7106,WORI,
710608,7106,LIKUPANG BARAT,
710609,7106,LIKUPANG TIMUR,
710610,7106,LIKUPANG SELATAN,
710701,7107,SANGKUB,
710702,7107,BINTAUNA,
710703,7107,BOLANG ITANG TIMUR,
710704,7107,BOLANG ITANG BARAT,
710705,7107,KAIDIPANG,
710706,7107,PINOGALUMAN,
710801,7108,BIARO,
710802,7108,TAGULANDANG SELATAN,
710803,7108,TAGULANDANG,
710804,7108,TAGULANDANG UTARA,
710805,7108,SIAU BARAT SELATAN,
710806,7108,SIAU TIMUR SELATAN,
710807,7108,SIAU BARAT,
710808,7108,SIAU TENGAH,
710809,7108,SIAU TIMUR,
710810,7108,SIAU BARAT UTARA,
710901,7109,RATATOTOK,
710902,7109,PUSOMAEN,
710903,7109,BELANG,
710904,7109,RATAHAN,
710905,7109,PASAN,
710906,7109,RATAHAN TIMUR,
710907,7109,TOMBATU,
710908,7109,TOMBATU TIMUR,
710909,7109,TOMBATU UTARA,
710910,7109,TOULUAAN,
710911,7109,TOULUAAN SELATAN,
710912,7109,SILIAN RAYA,
711001,7110,POSIGADAN,
711002,7110,BOLANG UKI,
711003,7110,PINOLOSIAN,
711004,7110,PINOLOSIAN TENGAH,
711005,7110,PINOLOSIAN TIMUR,
711101,7111,NUANGAN,
711102,7111,TUTUYAN,
711103,7111,KOTABUNAN,
711104,7111,MODAYAG,
711105,7111,MODAYAG BARAT,
717101,7171,MALALAYANG,
717102,7171,SARIO,
717103,7171,WANEA,
717104,7171,WENANG,
717105,7171,TIKALA,
717106,7171,MAPANGET,
717107,7171,SINGKIL,
717108,7171,TUMINTING,
717109,7171,BUNAKEN,
717201,7172,MADIDIR,
717202,7172,MATUARI,
717203,7172,GIRIAN,
717204,7172,LEMBEH SELATAN,
717205,7172,LEMBEH UTARA,
717206,7172,AERTEMBAGA,
717207,7172,MAESA,
717208,7172,RANOWULU,
717301,7173,TOMOHON SELATAN,
717302,7173,TOMOHON TENGAH,
717303,7173,TOMOHON TIMUR,
717304,7173,TOMOHON BARAT,
717305,7173,TOMOHON UTARA,
717401,7174,KOTAMOBAGU SELATAN,
717402,7174,KOTAMOBAGU TIMUR,
717403,7174,KOTAMOBAGU BARAT,
717404,7174,KOTAMOBAGU UTARA,
717111,7171,Bunaken Kepulauan,
717110,7171,Paal Dua,
710223,7102,Mandolang,
710113,7101,Dumoga Tenggara,
720101,7201,LABOBO,
720102,7201,BOKAN KEPULAUAN,
720103,7201,BANGKURUNG,
720104,7201,BANGGAI,
720105,7201,BANGGAI UTARA,
720106,7201,BANGGAI TENGAH,
720107,7201,BANGGAI SELATAN,
720108,7201,TOTIKUM,
720109,7201,TOTIKUM SELATAN,
720110,7201,TINANGKUNG,
720111,7201,TINANGKUNG SELATAN,
720112,7201,TINANGKUNG UTARA,
720113,7201,LIANG,
720114,7201,PELING TENGAH,
720115,7201,BULAGI,
720116,7201,BULAGI SELATAN,
720117,7201,BULAGI UTARA,
720118,7201,BUKO,
720119,7201,BUKO SELATAN,
720201,7202,TOILI,
720202,7202,TOILI BARAT,
720203,7202,MOILONG,
720204,7202,BATUI,
720205,7202,BATUI SELATAN,
720206,7202,BUNTA,
720207,7202,NUHON,
720208,7202,SIMPANG RAYA,
720209,7202,KINTOM,
720210,7202,LUWUK,
720211,7202,LUWUK TIMUR,
720212,7202,PAGIMANA,
720213,7202,BUALEMO,
720214,7202,LOBU,
720215,7202,LAMALA,
720216,7202,MASAMA,
720217,7202,BALANTAK,
720218,7202,BALANTAK SELATAN,
720301,7203,MENUI KEPULAUAN,
720302,7203,BUNGKU SELATAN,
720303,7203,BAHODOPI,
720304,7203,BUNGKU TENGAH,
720305,7203,BUNGKU BARAT,
720306,7203,BUMI RAYA,
720307,7203,WITA PONDA,
720308,7203,LEMBO,
720309,7203,MORI ATAS,
720310,7203,MORI UTARA,
720311,7203,PETASIA,
720312,7203,SOYO JAYA,
720313,7203,BUNGKU UTARA,
720314,7203,MAMOSALATO,
720401,7204,PAMONA SELATAN,
720402,7204,PAMONA BARAT,
720403,7204,PAMONA TENGGARA,
720404,7204,LORE SELATAN,
720405,7204,LORE BARAT,
720406,7204,PAMONA PUSALEMBA,
720407,7204,PAMONA TIMUR,
720408,7204,PAMONA UTARA,
720409,7204,LORE UTARA,
720410,7204,LORE TENGAH,
720411,7204,LORE TIMUR,
720412,7204,LORE PEORE,
720413,7204,POSO PESISIR,
720414,7204,POSO PESISIR SELATAN,
720415,7204,POSO PESISIR UTARA,
720416,7204,LAGE,
720417,7204,POSO KOTA,
720418,7204,POSO KOTA UTARA,
720419,7204,POSO KOTA SELATAN,
720501,7205,RIO PAKAVA,
720502,7205,PINEMBANI,
720503,7205,BANAWA,
720504,7205,BANAWA SELATAN,
720505,7205,BANAWA TENGAH,
720506,7205,LABUAN,
720507,7205,TANANTOVEA,
720508,7205,SINDUE,
720509,7205,SINDUE TOMBUSABORA,
720510,7205,SINDUE TOBATA,
720511,7205,SIRENJA,
720512,7205,BALAESANG,
720513,7205,BALAESANG TANJUNG,
720514,7205,DAMPELAS,
720515,7205,SOJOL,
720516,7205,SOJOL UTARA,
720601,7206,DAMPAL SELATAN,
720602,7206,DAMPAL UTARA,
720603,7206,DONDO,
720604,7206,OGODEIDE,
720605,7206,BASIDONDO,
720606,7206,BAOLAN,
720607,7206,LAMPASIO,
720608,7206,GALANG,
720609,7206,TOLITOLI UTARA,
720610,7206,DAKO PAMEAN,
720701,7207,LAKEA,
720702,7207,BIAU,
720703,7207,KARAMAT,
720704,7207,MOMUNU,
720705,7207,TILOAN,
720706,7207,BOKAT,
720707,7207,BUKAL,
720708,7207,BUNOBOGU,
720709,7207,GADUNG,
720710,7207,PALELEH,
720711,7207,PALELEH BARAT,
720801,7208,SAUSU,
720802,7208,TORUE,
720803,7208,BALINGGI,
720804,7208,PARIGI,
720805,7208,PARIGI SELATAN,
720806,7208,PARIGI BARAT,
720807,7208,PARIGI UTARA,
720808,7208,PARIGI TENGAH,
720809,7208,AMPIBABO,
720810,7208,KASIMBAR,
720811,7208,TORIBULU,
720812,7208,SINIU,
720813,7208,TINOMBO,
720814,7208,TINOMBO SELATAN,
720815,7208,TOMINI,
720816,7208,MEPANGA,
720817,7208,PALASA,
720818,7208,MOUTONG,
720819,7208,BOLANO LAMBUNU,
720820,7208,TAOPA,
720901,7209,TOJO BARAT,
720902,7209,TOJO,
720903,7209,ULUBONGKA,
720904,7209,AMPANA TETE,
720905,7209,AMPANA KOTA,
720906,7209,UNA - UNA,
720907,7209,TOGEAN,
720908,7209,WALEA KEPULAUAN,
720909,7209,WALEA BESAR,
721001,7210,PIPIKORO,
721002,7210,KULAWI SELATAN,
721003,7210,KULAWI,
721004,7210,LINDU,
721005,7210,NOKILALAKI,
721006,7210,PALOLO,
721007,7210,GUMBASA,
721008,7210,DOLO SELATAN,
721009,7210,DOLO BARAT,
721010,7210,TANAMBULAVA,
721011,7210,DOLO,
721012,7210,SIGI BIROMARU,
721013,7210,MARAWOLA,
721014,7210,MARAWOLA BARAT,
721015,7210,KINOVARO,
727101,7271,PALU BARAT,
727102,7271,PALU SELATAN,
727103,7271,PALU TIMUR,
727104,7271,PALU UTARA,
720821,7208,Ongka Malino,
720822,7208,Sidoan,
720823,7208,Bolano,
727105,7227,Mantikulore,
727106,7227,Tatanga,
727107,7227,Tawaeli,
727108,7227,Ulujadi,
720219,7202,Luwuk Utara,
720220,7202,Luwuk Selatan,
720221,7202,Nambo,
720222,7202,Mantoh,
720223,7202,Balantak Utara,
720910,7209,Ratolindo,
720911,7209,Batudaka,
720315,7203,Bungku Timur,
720316,7203,Bungku Pesisir,
721101,7211,Petasia,
721102,7211,Lembo,
721103,7211,Bungku Utara,
721104,7211,Petasia Timur,
721105,7211,Mori Atas,
721106,7211,Mamosalato ,
721107,7211,Mori Utara ,
721108,7211,Soyo Jaya ,
721109,7211,Petasia Barat ,
721110,7211,Lembo Raya,
721201,7212,Banggai,
721202,7212,Bokan Kepulauan,
721203,7212,Bangkurung,
721204,7212,Banggai Selatan,
721205,7212,Banggai Utara,
721206,7212,Banggai Tengah,
721207,7212,Labobo,
760101,7601,BANGGAE,
760102,7601,BANGGAE TIMUR,
760103,7601,PAMBOANG,
760104,7601,SENDANA,
760105,7601,TAMMERODO SENDANA,
760106,7601,TUBO SENDANA,
760107,7601,MALUNDA,
760108,7601,ULUMANDA,
760201,7602,TINAMBUNG,
760202,7602,BALANIPA,
760203,7602,LIMBORO,
760204,7602,TUBBI TARAMANU,
760205,7602,ALU,
760206,7602,CAMPALAGIAN,
760207,7602,LUYO,
760208,7602,WONOMULYO,
760209,7602,MAPILLI,
760210,7602,TAPANGO,
760211,7602,MATAKALI,
760212,7602,BULO,
760213,7602,POLEWALI,
760214,7602,BINUANG,
760215,7602,ANREAPI,
760216,7602,MATANGNGA,
760301,7603,SUMARORONG,
760302,7603,MESSAWA,
760303,7603,PANA,
760304,7603,NOSU,
760305,7603,TABANG,
760306,7603,MAMASA,
760307,7603,TANDUK KALUA,
760308,7603,BALLA,
760309,7603,SESENAPADANG,
760310,7603,TAWALIAN,
760311,7603,MAMBI,
760312,7603,BAMBANG,
760313,7603,RANTEBULAHAN TIMUR,
760314,7603,MEHALAAN,
760315,7603,ARALLE,
760316,7603,BUNTU MALANGKA,
760317,7603,TABULAHAN,
760401,7604,TAPALANG,
760402,7604,TAPALANG BARAT,
760403,7604,MAMUJU,
760404,7604,SIMBORO,
760405,7604,BALABALAKANG,
760406,7604,KALUKKU,
760407,7604,PAPALANG,
760408,7604,SAMPAGA,
760409,7604,TOMMO,
760410,7604,KALUMPANG,
760411,7604,BONEHAU,
760412,7604,BUDONG-BUDONG,
760413,7604,PANGALE,
760414,7604,TOPOYO,
760415,7604,KAROSSA,
760416,7604,TOBADAK,
760501,7605,SARUDU,
760502,7605,DAPURANG,
760503,7605,DURIPOKU,
760504,7605,BARAS,
760505,7605,BULU TABA,
760506,7605,LARIANG,
760507,7605,PASANGKAYU,
760508,7605,TIKKE RAYA,
760509,7605,PEDONGGA,
760510,7605,BAMBALAMOTU,
760511,7605,BAMBAIRA,
760512,7605,SARJO,
760701,7607,Karossa,
760702,7608,Pangale,
760703,7609,Tobadak,
760704,7610,Topoyo,
760705,7611,Budog-Budog,
760417,7604,Kep.Bala Balakang,
730101,7301,PASIMARANNU,
730102,7301,PASILAMBENA,
730103,7301,PASIMASSUNGGU,
730104,7301,TAKABONERATE,
730105,7301,PASIMASSUNGGU TIMUR,
730106,7301,BONTOSIKUYU,
730107,7301,BONTOHARU,
730108,7301,BENTENG,
730109,7301,BONTOMANAI,
730110,7301,BONTOMATENE,
730111,7301,BUKI,
730201,7302,GANTARANG,
730202,7302,UJUNG BULU,
730203,7302,UJUNG LOE,
730204,7302,BONTO BAHARI,
730205,7302,BONTOTIRO,
730206,7302,HERO LANGE LANGE,
730207,7302,KAJANG,
730208,7302,BULUKUMPA,
730209,7302,RILAU ALE,
730210,7302,KINDANG,
730301,7303,BISSAPPU,
730302,7303,ULUERE,
730303,7303,SINOA,
730304,7303,BANTAENG,
730305,7303,EREMERASA,
730306,7303,TOMPOBULU,
730307,7303,PAJUKUKANG,
730308,7303,GANTARANGKEKE,
730401,7304,BANGKALA,
730402,7304,BANGKALA BARAT,
730403,7304,TAMALATEA,
730404,7304,BONTORAMBA,
730405,7304,BINAMU,
730406,7304,TURATEA,
730407,7304,BATANG,
730408,7304,ARUNGKEKE,
730409,7304,TAROWANG,
730410,7304,KELARA,
730411,7304,RUMBIA,
730501,7305,MANGARA BOMBANG,
730502,7305,MAPPAKASUNGGU,
730503,7305,SANROBONE,
730504,7305,POLOMBANGKENG SELATAN,
730505,7305,PATTALLASSANG,
730506,7305,POLOMBANGKENG UTARA,
730507,7305,GALESONG SELATAN,
730508,7305,GALESONG,
730509,7305,GALESONG UTARA,
730601,7306,BONTONOMPO,
730602,7306,BONTONOMPO SELATAN,
730603,7306,BAJENG,
730604,7306,BAJENG BARAT,
730605,7306,PALLANGGA,
730606,7306,BAROMBONG,
730607,7306,SOMBA OPU,
730608,7306,BONTOMARANNU,
730609,7306,PATTALLASSANG,
730610,7306,PARANGLOE,
730611,7306,MANUJU,
730612,7306,TINGGIMONCONG,
730613,7306,TOMBOLO PAO,
730614,7306,PARIGI,
730615,7306,BUNGAYA,
730616,7306,BONTOLEMPANGAN,
730617,7306,TOMPOBULU,
730618,7306,BIRINGBULU,
730701,7307,SINJAI BARAT,
730702,7307,SINJAI BORONG,
730703,7307,SINJAI SELATAN,
730704,7307,TELLU LIMPOE,
730705,7307,SINJAI TIMUR,
730706,7307,SINJAI TENGAH,
730707,7307,SINJAI UTARA,
730708,7307,BULUPODDO,
730709,7307,PULAU SEMBILAN,
730801,7308,MANDAI,
730802,7308,MONCONGLOE,
730803,7308,MAROS BARU,
730804,7308,MARUSU,
730805,7308,TURIKALE,
730807,7308,BONTOA,
730808,7308,BANTIMURUNG,
730809,7308,SIMBANG,
730810,7308,TANRALILI,
730811,7308,TOMPU BULU,
730812,7308,CAMBA,
730813,7308,CENRANA,
730814,7308,MALLAWA,
730815,7308,Maros Utara,
730901,7309,LIUKANG TANGAYA,
730902,7309,LIUKANG KALMAS,
730903,7309,LIUKANG TUPABBIRING,
730904,7309,LIUKANG TUPABBIRING UTARA,
730905,7309,PANGKAJENE,
730906,7309,MINASATENE,
730907,7309,BALOCCI,
730908,7309,TONDONG TALLASA,
730909,7309,BUNGORO,
730910,7309,LABAKKANG,
730911,7309,MARANG,
730912,7309,SEGERI,
730913,7309,MANDALLE,
731001,7310,TANETE RIAJA,
731002,7310,PUJANANTING,
731003,7310,TANETE RILAU,
731004,7310,BARRU,
731005,7310,SOPPENG RIAJA,
731006,7310,BALUSU,
731007,7310,MALLUSETASI,
731101,7311,BONTOCANI,
731102,7311,KAHU,
731103,7311,KAJUARA,
731104,7311,SALOMEKKO,
731105,7311,TONRA,
731106,7311,PATIMPENG,
731107,7311,LIBURENG,
731108,7311,MARE,
731109,7311,SIBULUE,
731110,7311,CINA,
731111,7311,BAREBBO,
731112,7311,PONRE,
731113,7311,LAPPARIAJA,
731114,7311,LAMURU,
731115,7311,TELLU LIMPOE,
731116,7311,BENGO,
731117,7311,ULAWENG,
731118,7311,PALAKKA,
731119,7311,AWANGPONE,
731120,7311,TELLU SIATTINGE,
731121,7311,AMALI,
731122,7311,AJANGALE,
731123,7311,DUA BOCCOE,
731124,7311,CENRANA,
731125,7311,TANETE RIATTANG BARAT,
731126,7311,TANETE RIATTANG,
731127,7311,TANETE RIATTANG TIMUR,
731201,7312,MARIORIWAWO,
731202,7312,LALABATA,
731203,7312,LILI RIAJA,
731204,7312,GANRA,
731205,7312,CITTA,
731206,7312,LILI RILAU,
731207,7312,DONRI DONRI,
731208,7312,MARIO RIAWA,
731301,7313,SABBANG PARU,
731302,7313,TEMPE,
731303,7313,PAMMANA,
731304,7313,BOLA,
731305,7313,TAKKALALLA,
731306,7313,SAJOANGING,
731307,7313,PENRANG,
731308,7313,MAJAULENG,
731309,7313,TANA SITOLO,
731310,7313,BELAWA,
731311,7313,MANIANG PAJO,
731312,7313,GILIRENG,
731313,7313,KEERA,
731314,7313,PITUMPANUA,
731401,7314,PANCA LAUTANG,
731402,7314,TELLULIMPO E,
731403,7314,WATANG PULU,
731404,7314,BARANTI,
731405,7314,PANCA RIJANG,
731406,7314,KULO,
731407,7314,MARITENGNGAE,
731408,7314,WATANG SIDENRENG,
731409,7314,PITU RIAWA,
731410,7314,DUAPITUE,
731411,7314,PITU RIASE,
731501,7315,SUPPA,
731502,7315,MATTIROSOMPE,
731503,7315,LANRISANG,
731504,7315,MATTIRO BULU,
731505,7315,WATANG SAWITTO,
731506,7315,PALETEANG,
731507,7315,TIROANG,
731508,7315,PATAMPANUA,
731509,7315,CEMPA,
731510,7315,DUAMPANUA,
731511,7315,BATULAPPA,
731512,7315,LEMBANG,
731601,7316,MAIWA,
731602,7316,BUNGIN,
731603,7316,ENREKANG,
731604,7316,CENDANA,
731605,7316,BARAKA,
731606,7316,BUNTU BATU,
731607,7316,ANGGERAJA,
731608,7316,MALUA,
731609,7316,ALLA,
731610,7316,CURIO,
731611,7316,MASALLE,
731612,7316,BAROKO,
731701,7317,LAROMPONG,
731702,7317,LAROMPONG SELATAN,
731703,7317,SULI,
731704,7317,SULI BARAT,
731705,7317,BELOPA,
731706,7317,KAMANRE,
731707,7317,BELOPA UTARA,
731708,7317,BAJO,
731709,7317,BAJO BARAT,
731710,7317,BASSESANGTEMPE,
731711,7317,LATIMOJONG,
731712,7317,Bua Ponrang,
731713,7317,PONRANG,
731714,7317,PONRANG SELATAN,
731715,7317,BUA,
731716,7317,WALENRANG,
731717,7317,WALENRANG TIMUR,
731718,7317,LAMASI,
731719,7317,WALENRANG UTARA,
731720,7317,WALENRANG BARAT,
731721,7317,LAMASI TIMUR,
731801,7318,BONGGAKARADENG,
731802,7318,SIMBUANG,
731803,7318,RANO,
731804,7318,MAPPAK,
731805,7318,MENGKENDEK,
731806,7318,GANDANG BATU SILANAN,
731807,7318,SANGALLA,
731808,7318,SANGALA SELATAN,
731809,7318,SANGALLA UTARA,
731810,7318,MAKALE,
731811,7318,MAKALE SELATAN,
731812,7318,MAKALE UTARA,
731813,7318,SALUPUTTI,
731814,7318,BITTUANG,
731815,7318,REMBON,
731816,7318,MASANDA,
731817,7318,MALIMBONG BALEPE,
731818,7318,RANTETAYO,
731819,7318,KURRA,
732201,7322,SABBANG,
732202,7322,BAEBUNTA,
732203,7322,MALANGKE,
732204,7322,MALANGKE BARAT,
732205,7322,SUKAMAJU,
732206,7322,BONE-BONE,
732207,7322,MASAMBA,
732208,7322,MAPPEDECENG,
732209,7322,RAMPI,
732210,7322,LIMBONG,
732211,7322,SEKO,
732501,7325,BURAU,
732502,7325,WOTU,
732503,7325,TOMONI,
732504,7325,TOMONI TIMUR,
732505,7325,ANGKONA,
732506,7325,MALILI,
732507,7325,TOWUTI,
732508,7325,NUHA,
732509,7325,WASUPONDA,
732510,7325,MANGKUTANA,
732511,7325,KALAENA,
732601,7326,SOPAI,
732602,7326,KESU,
732603,7326,SANGGALANGI,
732604,7326,BUNTAO,
732605,7326,RANTEBUA,
732606,7326,NANGGALA,
732607,7326,TONDON,
732608,7326,TALLUNGLIPU,
732609,7326,RANTEPAO,
732610,7326,TIKALA,
732611,7326,SESEAN,
732612,7326,BALUSU,
732613,7326,SADAN,
732614,7326,BENGKELEKILA,
732615,7326,SESEAN SULOARA,
732616,7326,KAPALA PITU,
732617,7326,DENDE PIONGAN NAPO,
732618,7326,AWAN RANTE KARUA,
732619,7326,RINDINGALO,
732620,7326,BUNTU PEPASAN,
732621,7326,BARUPPU,
737101,7371,MARISO,
737102,7371,MAMAJANG,
737103,7371,TAMALATE,
737104,7371,RAPPOCINI,
737105,7371,MAKASSAR,
737106,7371,UJUNG PANDANG,
737107,7371,WAJO,
737108,7371,BONTOALA,
737109,7371,UJUNG TANAH,
737110,7371,TALLO,
737111,7371,PANAKKUKANG,
737112,7371,MANGGALA,
737113,7371,BIRING KANAYA,
737114,7371,TAMALANREA,
737201,7372,BACUKIKI,
737202,7372,BACUKIKI BARAT,
737203,7372,UJUNG,
737204,7372,SOREANG,
737301,7373,WARA SELATAN,
737302,7373,SENDANA,
737303,7373,WARA,
737304,7373,WARA TIMUR,
737305,7373,MUNGKAJANG,
737306,7373,WARA UTARA,
737307,7373,BARA,
737308,7373,TELLUWANUA,
737309,7373,WARA BARAT,
731722,7317,Bassesangtempe Utara,
732212,7322,Rongkong,
732213,7322,Tanalili,
740101,7401,LASALIMU,
740102,7401,LASALIMU SELATAN,
740103,7401,SIONTAPINA,
740104,7401,PASAR WAJO,
740105,7401,WOLOWA,
740106,7401,WABULA,
740107,7401,SAMPOLAWA,
740108,7401,BATU ATAS,
740109,7401,LAPANDEWA,
740110,7401,BATAUGA,
740111,7401,SIOMPU,
740112,7401,KADATUA,
740113,7401,SIOMPU BARAT,
740114,7401,KAPONTORI,
740115,7401,GU,
740116,7401,SANGIA WAMBULU,
740117,7401,LAKUDO,
740118,7401,MAWASANGKA,
740119,7401,MAWASANGKA TIMUR,
740120,7401,MAWASANGKA TENGAH,
740121,7401,TALAGA RAYA,
740201,7402,TONGKUNO,
740202,7402,TONGKUNO SELATAN,
740203,7402,PARIGI,
740204,7402,BONE,
740205,7402,MAROBO,
740206,7402,KABAWO,
740207,7402,KABANGKA,
740208,7402,KONTUKOWUNA,
740209,7402,TIWORO KEPULAUAN,
740210,7402,MAGINTI,
740211,7402,TIWORO TENGAH,
740212,7402,TIWORO SELATAN,
740213,7402,TIWORO UTARA,
740214,7402,LAWA,
740215,7402,SAWERIGADI,
740216,7402,BARANGKA,
740217,7402,WA DAGA,
740218,7402,KUSAMBI,
740219,7402,KONTUNAGA,
740220,7402,WATOPUTE,
740221,7402,KATOBU,
740222,7402,LOHIA,
740223,7402,DURUKA,
740224,7402,BATALAIWORU,
740225,7402,NAPABALANO,
740226,7402,LASALEPA,
740227,7402,NAPANO KUSAMBI,
740228,7402,TOWEA,
740229,7402,WAKORUMBA SELATAN,
740230,7402,PASIR PUTIH,
740231,7402,PASI KOLAGA,
740232,7402,MALIGANO,
740233,7402,BATUKARA,
740301,7403,WAWONII SELATAN,
740302,7403,WAWONII BARAT,
740303,7403,WAWONII TENGAH,
740304,7403,WAWONII TENGGARA,
740305,7403,WAWONII TIMUR,
740306,7403,WAWONII UTARA,
740307,7403,WAWONII TIMUR LAUT,
740308,7403,SOROPIA,
740309,7403,LALONGGASUMEETO,
740310,7403,SAMPARA,
740311,7403,BONDOALA,
740312,7403,BESULUTU,
740313,7403,KAPOIALA,
740314,7403,LAMBUYA,
740315,7403,UEPAI,
740316,7403,PURIALA,
740317,7403,ONEMBUTE,
740318,7403,PONDIDAHA,
740319,7403,WONGGEDUKU,
740320,7403,AMONGGEDO,
740321,7403,WAWOTOBI,
740322,7403,MELUHU,
740323,7403,KONAWE,
740324,7403,UNAAHA,
740325,7403,ANGGABERI,
740326,7403,ABUKI,
740327,7403,LATOMA,
740328,7403,TONGAUNA,
740329,7403,ASINUA,
740330,7403,ROUTA,
740401,7404,WATUBANGGA,
740402,7404,TANGGETADA,
740403,7404,TOARI,
740404,7404,POLINGGONA,
740405,7404,POMALAA,
740406,7404,WUNDULAKO,
740407,7404,BAULA,
740408,7404,LADONGI,
740409,7404,LAMBADIA,
740410,7404,POLI-POLIA,
740411,7404,TIRAWUTA,
740412,7404,LALOLAE,
740413,7404,LOEA,
740414,7404,KOLAKA,
740415,7404,LATAMBAGA,
740416,7404,WOLO,
740417,7404,SAMATURU,
740418,7404,MOWEWE,
740419,7404,ULUIWOI,
740420,7404,TINONDO,
740503,7405,ANDOOLO,
740523,7472,Andoolo Barat,
740520,7405,ANGATA,
740507,7405,BAITO,
740522,7405,BASALA,
740521,7405,BENUA,
740504,7405,BUKE,
740510,7405,KOLONO,
740524,7472,Kolono Timur,
740514,7405,KONDA,
740509,7405,LAEYA,
740508,7405,LAINEA,
740502,7405,LALEMBUU,
740518,7405,LANDONO,
740511,7405,LAONTI,
740512,7405,MORAMO,
740513,7405,MORAMO UTARA,
740519,7405,MOWILA,
740505,7405,PALANGGA,
740506,7405,PALANGGA SELATAN,
740516,7405,RANOMEETO,
740517,7405,RANOMEETO BARAT,
740601,7406,KABAENA,
740602,7406,KABAENA UTARA,
740603,7406,KABAENA SELATAN,
740604,7406,KABAENA BARAT,
740605,7406,KABAENA TIMUR,
740606,7406,KABAENA TENGAH,
740607,7406,RUMBIA,
740608,7406,MATAOLEO,
740609,7406,KEP. MASALOKA RAYA,
740610,7406,RUMBIA TENGAH,
740611,7406,RAROWATU,
740612,7406,RAROWATU UTARA,
740613,7406,MATA USU,
740614,7406,LANTARI JAYA,
740615,7406,POLEANG TIMUR,
740616,7406,POLEANG UTARA,
740617,7406,POLEANG SELATAN,
740618,7406,POLEANG TENGGARA,
740619,7406,POLEANG,
740620,7406,POLEANG BARAT,
740621,7406,TONTONUNU,
740622,7406,POLEANG TENGAH,
740701,7407,BINONGKO,
740702,7407,TOGO BINONGKO,
740703,7407,TOMIA,
740704,7407,TOMIA TIMUR,
740705,7407,KALEDUPA,
740706,7407,KALEDUPA SELATAN,
740707,7407,WANGI-WANGI,
740708,7407,WANGI-WANGI SELATAN,
740801,7408,RANTEANGIN,
740802,7408,LAMBAI,
740803,7408,WAWO,
740804,7408,LASUSUA,
740805,7408,KATOI,
740806,7408,KODEOHA,
740807,7408,TIWU,
740808,7408,NGAPA,
740809,7408,WATUNOHU,
740810,7408,PAKUE,
740811,7408,PAKUE UTARA,
740812,7408,PAKUE TENGAH,
740813,7408,BATU PUTIH,
740814,7408,POREHU,
740815,7408,TOLALA,
740901,7409,BONEGUNU,
740902,7409,KAMBOWA,
740903,7409,WAKORUMBA UTARA,
740904,7409,KULISUSU,
740905,7409,KULISUSU BARAT,
740906,7409,KULISUSU UTARA,
741001,7410,SAWA,
741002,7410,MOTUI,
741003,7410,LEMBO,
741004,7410,LASOLO,
741005,7410,MOLAWE,
741006,7410,ASERA,
741007,7410,ANDOWIA,
741008,7410,OHEO,
741009,7410,LANGGIKIMA,
741010,7410,WIWIRANO,
747101,7471,MANDONGA,
747102,7471,BARUGA,
747103,7471,PUUWATU,
747104,7471,KADIA,
747105,7471,WUA-WUA,
747106,7471,POASIA,
747107,7471,ABELI,
747108,7471,KAMBU,
747109,7471,KENDARI,
747110,7471,KENDARI BARAT,
747111,7471,Nambo,
747201,7472,BETOAMBARI,
747202,7472,MURHUM,
747203,7472,WOLIO,
747204,7472,KOKALUKUNA,
747205,7472,SORAWOLIO,
747206,7472,BUNGI,
747207,7472,LEA-LEA,
740525,7405,Sabulakoa,
740501,7405,TINANGGEA,
740515,7405,WOLASI,
740331,7403,Anggalomoare,
740332,7403,Anggotoa,
740333,7403,Morosi,
740334,7403,Padangguni,
740335,7403,Tongauna Utara,
740336,7403,Wonggeduku Barat,
740421,7404,Iwoimendaa,
741101,7411,Gu,
741102,7411,Lakudo,
741103,7411,Mawasangka,
741104,7411,Mawasangka Tengah,
741105,7411,Mawasangka Timur,
741106,7411,Sangia Wambulu,
741107,7411,Talaga Raya,
741201,7412,Wawonii Barat,
741202,7412,Wawonii Selatan,
741203,7412,Wawonii Tengah,
741204,7412,Wawonii Tenggara,
741205,7412,Wawonii Timur,
741206,7412,Wawonii Timur Laut,
741207,7412,Wawonii Utara,
741301,7413,Batauga,
741302,7413,Batu Atas,
741303,7413,Kadatua,
741304,7413,Lapandewa,
741305,7413,Sampolawa,
741306,7413,Siompu,
741307,7413,Siompu Barat,
741401,7414,Aere,
741402,7414,Dangia,
741403,7414,Ladongi,
741404,7414,Lalolae,
741405,7414,Lambandia,
741406,7414,Loea,
741407,7414,Mowewe,
741408,7414,Poli-Polia,
741409,7414,Tinondo,
741410,7414,Tirawuta,
741411,7414,Ueesi,
741412,7414,Uluiwoi,
741501,7415,Barangka,
741502,7415,Kusambi,
741503,7415,Lawa,
741504,7415,Maginti,
741505,7415,Napano Kusambi,
741506,7415,Sawerigadi,
741507,7415,Tiworo Kepulauan,
741508,7415,Tiworo Selatan,
741509,7415,Tiworo Tengah,
741510,7415,Tiworo Utara,
741511,7415,Wadaga,
750101,7501,MANANGGU,
750102,7501,TILAMUTA,
750103,7501,DULUPI,
750104,7501,BOTUMOITO,
750105,7501,PAGUYAMAN,
750106,7501,WONOSARI,
750107,7501,PAGUYAMAN PANTAI,
750201,7502,BATUDAA PANTAI,
750202,7502,BILUHU,
750203,7502,BATUDAA,
750204,7502,BONGOMEME,
750205,7502,TABONGO,
750206,7502,TIBAWA,
750207,7502,PULUBALA,
750208,7502,BOLIYOHUTO,
750209,7502,MOOTILANGO,
750210,7502,TOLANGOHULA,
750211,7502,ASPARAGA,
750212,7502,BILATO,
750213,7502,LIMBOTO,
750214,7502,LIMBOTO BARAT,
750215,7502,TELAGA,
750216,7502,TELAGA BIRU,
750217,7502,TILANGO,
750218,7502,TELAGA JAYA,
750301,7503,POPAYATO,
750302,7503,POPAYATO BARAT,
750303,7503,POPAYATO TIMUR,
750304,7503,LEMITO,
750305,7503,WANGGARASI,
750306,7503,MARISA,
750307,7503,PATILANGGIO,
750308,7503,BUNTULIA,
750309,7503,DUHIADAA,
750310,7503,RANDANGAN,
750311,7503,TALUDITI,
750312,7503,PAGUAT,
750313,7503,DENGILO,
750401,7504,TAPA,
750402,7504,BULANGO UTARA,
750403,7504,BULANGO SELATAN,
750404,7504,BULANGO TIMUR,
750405,7504,BULANGO ULU,
750406,7504,KABILA,
750407,7504,BOTU PINGGE,
750408,7504,TILONGKABILA,
750409,7504,SUWAWA,
750410,7504,SUWAWA SELATAN,
750411,7504,SUWAWA TIMUR,
750412,7504,SUWAWA TENGAH,
750413,7504,BONEPANTAI,
750414,7504,KABILA BONE,
750415,7504,BONE RAYA,
750416,7504,BONE,
750417,7504,BULAWA,
750501,7505,ATINGGOLA,
750502,7505,GENTUMA RAYA,
750503,7505,KWANDANG,
750504,7505,ANGGREK,
750505,7505,SUMALATA,
750506,7505,TOLINGGULA,
757101,7571,KOTA BARAT,
757102,7571,DUNGINGI,
757103,7571,KOTA SELATAN,
757104,7571,KOTA TIMUR,
757105,7571,HULONTHALANGI,
757106,7571,DUMBO RAYA,
757107,7571,KOTA UTARA,
757108,7571,KOTA TENGAH,
757109,7571,SIPATANA,
750418,7504,Pinogu,
750219,7502,Dungaliyo,
810101,8101,TANIMBAR SELATAN,
810102,8101,WER TAMRIAN,
810103,8101,WER MAKTIAN,
810104,8101,SELARU,
810105,8101,TANIMBAR UTARA,
810106,8101,YARU,
810107,8101,WUAR LABOBAR,
810108,8101,NIRUNMAS,
810109,8101,KORMOMOLIN,
810110,8101,MOLU MARU,
810201,8102,KEI KECIL,
810202,8102,KEI KECIL BARAT,
810203,8102,KEI KECIL TIMUR,
810204,8102,KEI BESAR,
810205,8102,KEI BESAR UTARA TIMUR,
810206,8102,KEI BESAR SELATAN,
810301,8103,BANDA,
810302,8103,TEHORU,
810303,8103,TELUTIH,
810304,8103,AMAHAI,
810305,8103,KOTA MASOHI,
810306,8103,TELUK ELPAPUTIH,
810307,8103,TEON NILA SERUA,
810308,8103,SAPARUA,
810309,8103,NUSALAUT,
810310,8103,PULAU HARUKU,
810311,8103,SALAHUTU,
810312,8103,LEIHITU,
810313,8103,LEIHITU BARAT,
810314,8103,SERAM UTARA,
810315,8103,SERAM UTARA BARAT,
810316,8103,SERAM UTARA TIMUR KOBI,
810321,8103,SERAM UTARA TIMUR SETI,
810401,8104,NAMLEA,
810402,8104,WAEAPO,
810403,8104,WAPLAU,
810404,8104,BATABUAL,
810405,8104,AIRBUAYA,
810501,8105,ARU SELATAN,
810502,8105,ARU SELATAN TIMUR,
810503,8105,ARU TENGAH,
810504,8105,ARU TENGAH TIMUR,
810505,8105,ARU TENGAH SELATAN,
810506,8105,PULAU-PULAU ARU,
810507,8105,ARU UTARA,
810601,8106,HUAMUAL BELAKANG,
810602,8106,KEPULAUAN MANIPA,
810603,8106,SERAM BARAT,
810604,8106,HUAMUAL,
810605,8106,KAIRATU,
810606,8106,KAIRATU BARAT,
810607,8106,INAMOSOL,
810608,8106,AMALATU,
810609,8106,ELPAPUTIH,
810610,8106,TANIWEL,
810611,8106,TANIWEL TIMUR,
810701,8107,PULAU GOROM,
810702,8107,WAKATE,
810703,8107,SERAM TIMUR,
810704,8107,TUTUK TOLU,
810705,8107,KILMURY,
810706,8107,WERINAMA,
810707,8107,SIWALALAT,
810708,8107,BULA,
810801,8108,PP. WETAR,
810802,8108,PP. TERSELATAN,
810803,8108,LETI MOA LAKOR,
810804,8108,MOA LAKOR,
810805,8108,DAMER,
810806,8108,MDONA HIERA,
810807,8108,PP. BABAR,
810808,8108,BABAR TIMUR,
810901,8109,KEPALA MADAN,
810902,8109,LEKSULA,
810903,8109,NAMROLE,
810904,8109,WAESAMA,
810905,8109,AMBALAU,
817101,8171,NUSANIWE,
817102,8171,SIRIMAU,
817103,8171,LEITIMUR SELATAN,
817104,8171,TELUK AMBON BAGUALA,
817105,8171,TELUK AMBON,
817201,8172,Pulau Pulau Kur,
817202,8172,TAYANDO TAM,
817203,8172,PULAU DULLAH UTARA,
817204,8172,PULAU DULLAH SELATAN,
810317,8103,Masohi,
810318,8103,Nusa Laut,
810319,8103,Saparua Timur,
817106,8171,Baguala,
810111,8101,Waru,
810406,8104,Fena Laisela,
810407,8104,Lilialy,
810408,8104,Lolong Guba,
810409,8104,Teluk Kaiely,
810709,8107,Bula Barat,
810710,8107,Gorom Timur,
810711,8107,Kian Darat,
810712,8107,Pulau Panjang,
810713,8107,Siritaun Wida Timur,
810714,8107,Teluk Waru,
810715,8107,Teor,
810207,8102,Hoat Sorbay,
810208,8102,Kei Besar Selatan Barat,
810209,8102,Kei Besar Utara Barat,
810210,8102,Kei Kecil Timur Selatan,
810211,8102,Manyeuw,
810508,8102,Aru Selatan Utara,
810509,8102,Aru Utara Timur Batuley,
810510,8102,Sir-sir,
810809,8108,Dawelor Dawera,
810810,8108,Kepulauan Romang,
810811,8108,Kisar Utara,
810812,8108,Pulau Lakor,
810813,8108,Pulau Letti,
810815,8108,Pulau Wetang,
810816,8108,Wetar,
810817,8108,Wetar Barat,
810818,8108,Wetar Timur,
810819,8108,Wetar Utara,
810906,8108,Fena Fafan,
817205,8108,Kur Selatan,
820101,8201,JAILOLO,
820102,8201,JAILOLO SELATAN,
820103,8201,SAHU,
820104,8201,SAHU TIMUR,
820105,8201,IBU,
820106,8201,IBU SELATAN,
820107,8201,IBU UTARA,
820108,8201,LOLODA,
820201,8202,WEDA,
820202,8202,WEDA SELATAN,
820203,8202,WEDA UTARA,
820204,8202,WEDA TENGAH,
820205,8202,PULAU GEBE,
820206,8202,PATANI,
820207,8202,PATANI UTARA,
820208,8202,PATANI BARAT,
820301,8203,SULA BESI BARAT,
820302,8203,SULABESI SELATAN,
820303,8203,SANANA,
820304,8203,SULA BESI TENGAH,
820305,8203,SULABESI TIMUR,
820306,8203,SANANA UTARA,
820307,8203,MANGOLI TIMUR,
820308,8203,MANGOLI TENGAH,
820309,8203,MANGOLI UTARA TIMUR,
820310,8203,MANGOLI BARAT,
820311,8203,MANGOLI UTARA,
820312,8203,MANGOLI SELATAN,
820313,8203,TALIABU TIMUR,
820314,8203,TALIABU TIMUR SELATAN,
820315,8203,TALIABU BARAT,
820316,8203,TALIABU UTARA,
820317,8203,TALIABU BARAT LAUT,
820318,8203,LEDE,
820319,8203,TALIABU SELATAN,
820401,8204,OBI SELATAN,
820402,8204,OBI,
820403,8204,OBI BARAT,
820404,8204,OBI TIMUR,
820405,8204,OBI UTARA,
820406,8204,BACAN,
820407,8204,MANDIOLI SELATAN,
820408,8204,MANDIOLI UTARA,
820409,8204,BACAN SELATAN,
820410,8204,BATANG LOMANG,
820411,8204,BACAN TIMUR,
820412,8204,BACAN TIMUR SELATAN,
820413,8204,BACAN TIMUR TENGAH,
820414,8204,BACAN BARAT,
820415,8204,KASIRUTA BARAT,
820416,8204,KASIRUTA TIMUR,
820417,8204,BACAN BARAT UTARA,
820418,8204,KAYOA,
820419,8204,KAYOA BARAT,
820420,8204,KAYOA SELATAN,
820421,8204,KAYOA UTARA,
820422,8204,PULAU MAKIAN,
820423,8204,MAKIAN BARAT,
820424,8204,GANE BARAT,
820425,8204,GANE BARAT SELATAN,
820426,8204,GANE BARAT UTARA,
820427,8204,KEPULAUAN JORONGA,
820428,8204,GANE TIMUR,
820429,8204,GANE TIMUR TENGAH,
820430,8204,GANE TIMUR SELATAN,
820501,8205,MALIFUT,
820502,8205,KAO TELUK,
820503,8205,KAO,
820504,8205,KAO BARAT,
820505,8205,KAO UTARA,
820506,8205,TOBELO SELATAN,
820507,8205,TOBELO BARAT,
820508,8205,TOBELO TIMUR,
820509,8205,TOBELO,
820510,8205,TOBELO TENGAH,
820511,8205,TOBELO UTARA,
820512,8205,GALELA,
820513,8205,GALELA SELATAN,
820514,8205,GALELA BARAT,
820515,8205,GALELA UTARA,
820516,8205,LOLODA UTARA,
820517,8205,LOLODA KEPULAUAN,
820601,8206,MABA SELATAN,
820602,8206,KOTA MABA,
820603,8206,WASILE SELATAN,
820604,8206,WASILE,
820605,8206,WASILE TIMUR,
820606,8206,WASILE TENGAH,
820607,8206,WASILE UTARA,
820608,8206,MABA,
820609,8206,MABA TENGAH,
820610,8206,MABA UTARA,
820701,8207,MOROTAI SELATAN,
820702,8207,MOROTAI TIMUR,
820703,8207,MOROTAI SELATAN BARAT,
820704,8207,MOROTAI JAYA,
820705,8207,MOROTAI UTARA,
827101,8271,PULAU TERNATE,
827102,8271,MOTI,
827103,8271,PULAU BATANG DUA,
827104,8271,PULAU HIRI,
827105,8271,TERNATE SELATAN,
827106,8271,TERNATE TENGAH,
827107,8271,TERNATE UTARA,
827201,8272,TIDORE SELATAN,
827202,8272,TIDORE UTARA,
827203,8272,TIDORE,
827204,8272,TIDORE TIMUR,
827205,8272,OBA,
827206,8272,OBA SELATAN,
827207,8272,OBA UTARA,
827208,8272,OBA TENGAH,
820431,8204,Kepulauan Botang Lomang,
820109,8201,Jailolo Timur,
820801,8208,Lede,
820802,8208,Tabona,
820803,8208,Taliabu Barat,
820804,8208,Taliabu Barat Laut,
820805,8208,Taliabu Selatan,
820806,8208,Taliabu Timur,
820807,8208,Taliabu Timur Selatan,
820808,8208,Taliabu Utara,
820901,8209,Morotai Jaya,
820902,8210,Morotai Selatan,
820903,8211,Morotai Selatan Barat,
820904,8212,Morotai Timur,
820905,8213,Morotai Utara,
820209,8202,Patani Timur,
820210,8202,Weda Timur,
910101,9101,FAKFAK TIMUR,
910102,9101,KARAS,
910103,9101,FAKFAK,
910104,9101,FAKFAK TENGAH,
910105,9101,FAKFAK BARAT,
910106,9101,KOKAS,
910107,9101,TELUK PATIPI,
910108,9101,KRAMONGMONGGA,
910109,9101,BOMBERAY,
910201,9102,BURUWAY,
910202,9102,TELUK ARGUNI,
910203,9102,TELUK ARGUNI BAWAH,
910204,9102,KAIMANA,
910205,9102,KAMBRAU,
910206,9102,TELUK ETNA,
910207,9102,YAMOR,
910301,9103,NAIKERE,
910302,9103,WONDIBOY,
910303,9103,RASIEY,
910304,9103,KURI WAMESA,
910305,9103,WASIOR,
910306,9103,DUAIRI,
910307,9103,ROON,
910308,9103,WINDESI,
910309,9103,NIKIWAR,
910310,9103,WAMESA,
910311,9103,ROSWAR,
910312,9103,RUMBERPON,
910313,9103,SOUG JAYA,
910401,9104,FAFURWAR,
910402,9104,BABO,
910403,9104,SUMURI,
910404,9104,AROBA,
910405,9104,KAITARO,
910406,9104,KURI,
910407,9104,WAMESA,
910408,9104,BINTUNI,
910409,9104,MANIMERI,
910410,9104,TUHIBA,
910411,9104,DATARAN BEIMES,
910412,9104,TEMBUNI,
910413,9104,ARANDAY,
910414,9104,KAMUNDAN,
910415,9104,TOMU,
910416,9104,WERIAGAR,
910417,9104,MOSKONA SELATAN,
910418,9104,MEYADO,
910419,9104,MOSKONA BARAT,
910420,9104,MERDEY,
910421,9104,BISCOOP,
910422,9104,MASYETA,
910423,9104,MOSKONA UTARA,
910424,9104,MOSKONA TIMUR,
910501,9105,RANSIKI,
910502,9105,MOMI WAREN,
910503,9105,NENEI,
910504,9105,SURUREY,
910505,9105,ANGGI,
910506,9105,TAIGE,
910507,9105,MEMBEY,
910508,9105,ORANSBARI,
910509,9105,WARMARE,
910510,9105,PRAFI,
910511,9105,MENYAMBOUW,
910512,9105,CATUBOUW,
910513,9105,MANOKWARI BARAT,
910514,9105,MANOKWARI TIMUR,
910515,9105,MANOKWARI UTARA,
910516,9105,MANOKWARI SELATAN,
910517,9105,TESTEGA,
910518,9105,TANAH RUBU,
910519,9105,KEBAR,
910520,9105,SENOPI,
910521,9105,AMBERBAKEN,
910522,9105,MUBARNI / ARFU,
910523,9105,MASNI,
910524,9105,SIDEY,
910525,9105,TAHOSTA,
910526,9105,DIDOHU,
910527,9105,DATARAN ISIM,
910528,9105,ANGGI GIDA,
910529,9105,HINGK,
910601,9106,INANWATAN,
910602,9106,METEMANI,
910603,9106,KOKODA,
910604,9106,KAIS,
910605,9106,KOKODA UTARA,
910606,9106,MOSWAREN,
910607,9106,TEMINABUAN,
910608,9106,SEREMUK,
910609,9106,WAYER,
910610,9106,KONDA,
910611,9106,SAIFI,
910612,9106,SAWIAT,
910613,9106,FOKOUR,
910701,9107,MORAID,
910702,9107,KLASO,
910703,9107,MAKBON,
910704,9107,KLAYILI,
910705,9107,BERAUR,
910706,9107,KLAMONO,
910707,9107,KLABOT,
910708,9107,KLAWAK,
910709,9107,SALAWATI,
910710,9107,MAYAMUK,
910711,9107,SALAWATI TIMUR,
910712,9107,SEGET,
910713,9107,SEGUN,
910714,9107,SALAWATI SELATAN,
910715,9107,AIMAS,
910716,9107,MARIAT,
910717,9107,SORONG,
910718,9107,SAYOSA,
910719,9107,MAUDUS,
910801,9108,MISOOL SELATAN,
910802,9108,MISOOL BARAT,
910803,9108,MISOOL,
910804,9108,KOFIAU,
910805,9108,MISOOL TIMUR,
910806,9108,KEPULAUAN SEMBILAN,
910807,9108,SALAWATI UTARA,
910808,9108,SALAWATI TENGAH,
910809,9108,SALAWATI BARAT,
910810,9108,BATANTA SELATAN,
910811,9108,BATANTA UTARA,
910812,9108,WAIGEO SELATAN,
910813,9108,TELUK MAYALIBIT,
910814,9108,MEOS MANSAR,
910815,9108,KOTA WAISAI,
910816,9108,TIPLOL MAYALIBIT,
910817,9108,WAIGEO BARAT,
910818,9108,WAIGEO BARAT KEPULAUAN,
910819,9108,WAIGEO UTARA,
910820,9108,WARWARBOMI,
910821,9108,SUPNIN,
910822,9108,KEPULAUAN AYAU,
910823,9108,AYAU,
910824,9108,WAIGEO TIMUR,
910901,9109,FEF,
910902,9109,SYUJAK,
910903,9109,MIYAH,
910904,9109,ABUN,
910905,9109,KWOOR,
910906,9109,SAUSAPOR,
910907,9109,YEMBUN,
911001,9110,AITINYO BARAT/ATHABU,
911002,9110,AYAMARU SELATAN JAYA,
911003,9110,AITINYO,
911004,9110,AITINYO TENGAH,
911005,9110,AIFAT SELATAN,
911006,9110,AIFAT TIMUR SELATAN,
911007,9110,AIFAT,
911008,9110,AITINYO UTARA,
911009,9110,AITINYO RAYA,
911010,9110,AYAMARU TIMUR,
911011,9110,AYAMARU TIMUR SELATAN,
911012,9110,AYAMARU,
911013,9110,AYAMARU SELATAN,
911014,9110,AYAMARU JAYA,
911015,9110,AYAMARU TENGAH,
911016,9110,AYAMARU BARAT,
911017,9110,AYAMARU UTARA,
911018,9110,AYAMARU UTARA TIMUR,
911019,9110,MARE,
911020,9110,MARE SELATAN,
911021,9110,AIFAT UTARA,
911022,9110,AIFAT TIMUR,
911023,9110,AIFAT TIMUR TENGAH,
911024,9110,AIFAT TIMUR JAUH,
917101,9171,SORONG BARAT,
917102,9171,SORONG KEPULAUAN,
917103,9171,SORONG TIMUR,
917104,9171,SORONG UTARA,
917105,9171,SORONG,
917106,9171,SORONG MANOI,
940101,9401,KIMAAM,
940102,9401,WAAN,
940103,9401,TABONJI,
940104,9401,ILWAYAB,
940105,9401,OKABA,
940106,9401,TUBANG,
940107,9401,NGGUTI,
940108,9401,KAPTEL,
940109,9401,KURIK,
940110,9401,MALIND,
940111,9401,ANIMHA,
940112,9401,MERAUKE,
940113,9401,SEMANGGA,
940114,9401,TANAH MIRING,
940115,9401,JAGEBOB,
940116,9401,SOTA,
940117,9401,NAUKENJERAI,
940118,9401,MUTING,
940119,9401,ELIGOBEL,
940120,9401,ULILIN,
940201,9402,WAMENA,
940202,9402,ASOLOKOBAL,
940203,9402,WALELAGAMA,
940204,9402,HUBIKOSI,
940205,9402,PELEBAGA,
940206,9402,ASOLOGAIMA,
940207,9402,MUSATFAK,
940208,9402,KURULU,
940209,9402,BOLAKME,
940210,9402,WOLLO,
940211,9402,YALENGGA,
940301,9403,KAUREH,
940302,9403,AIRU,
940303,9403,YAPSI,
940304,9403,KEMTUK,
940305,9403,KEMTUK GRESI,
940306,9403,GRESI SELATAN,
940307,9403,NIMBORAN,
940308,9403,NIMBORAN TIMUR / NAMBLONG,
940309,9403,NIMBOKRANG,
940310,9403,UNURUM GUAY,
940311,9403,DEMTA,
940312,9403,YOKARI,
940313,9403,DEPAPRE,
940314,9403,RAVENIRARA,
940315,9403,SENTANI BARAT,
940316,9403,WAIBU,
940317,9403,SENTANI,
940318,9403,EBUNGFAU,
940319,9403,SENTANI TIMUR,
940401,9404,UWAPA,
940402,9404,MENOU,
940403,9404,DIPA,
940404,9404,YAUR,
940405,9404,TELUK UMAR,
940406,9404,WANGGAR,
940407,9404,NABIRE BARAT,
940408,9404,NABIRE,
940409,9404,TELUK KIMI,
940410,9404,NAPAN,
940411,9404,MAKIMI,
940412,9404,WAPOGA,
940413,9404,SIRIWO,
940414,9404,YARO,
940801,9408,YAPEN TIMUR,
940802,9408,PANTURA YAPEN,
940803,9408,TELUK AMPIMOI,
940804,9408,RAIMBAWI,
940805,9408,PULAU KURUDU,
940806,9408,ANGKAISERA,
940807,9408,KEP. AMBAI,
940808,9408,YAPEN SELATAN,
940809,9408,KOSIWO,
940810,9408,YAPEN BARAT,
940811,9408,WONAWA,
940812,9408,PULAU YERUI,
940813,9408,POOM,
940814,9408,WINDESI,
940901,9409,NUMFOR BARAT,
940902,9409,ORKERI,
940903,9409,NUMFOR TIMUR,
940904,9409,BRUYADORI,
940905,9409,POIRU,
940906,9409,PADAIDO,
940907,9409,AINANDO PADAIDO,
940908,9409,BIAK TIMUR,
940909,9409,ORIDEK,
940910,9409,BIAK KOTA,
940911,9409,SAMOFA,
940912,9409,YENDIDORI,
940913,9409,BIAK UTARA,
940914,9409,ANDEY,
940915,9409,WARSA,
940916,9409,YAWOSI,
940917,9409,BONDIFUAR,
940918,9409,BIAK BARAT,
940919,9409,SWANDIWE,
941001,9410,PANIAI TIMUR,
941002,9410,YATAMO,
941003,9410,KEBO,
941004,9410,BIBIDA,
941005,9410,DUMADAMA,
941006,9410,ARADIDE,
941007,9410,EKADIDE,
941008,9410,PANIAI BARAT,
941009,9410,SIRIWO,
941010,9410,BOGOBAIDA,
941101,9411,FAWI,
941102,9411,MULIA,
941103,9411,MEWOLUK,
941104,9411,YAMO,
941106,9411,TORERE,
941107,9411,JIGONIKME,
941108,9411,TINGGINAMBUT,
941201,9412,MIMIKA BARAT,
941202,9412,MIMIKA BARAT JAUH,
941203,9412,MIMIKA BARAT TENGAH,
941204,9412,MIMIKA TIMUR,
941205,9412,MIMIKA TENGAH,
941206,9412,MIMIKA TIMUR JAUH,
941207,9412,MIMIKA BARU,
941208,9412,KUALA KENCANA,
941209,9412,TEMBAGAPURA,
941210,9412,AGIMUGA,
941211,9412,JILA,
941212,9412,JITA,
941301,9413,JAIR,
941302,9413,SUBUR,
941303,9413,KIA,
941304,9413,MINDIPTANA,
941305,9413,INIYANDIT,
941306,9413,KOMBUT,
941307,9413,SESNUK,
941308,9413,MANDOBO,
941309,9413,FOFI,
941310,9413,ARIMOP,
941311,9413,KOUH,
941312,9413,BOMAKIA,
941313,9413,FIRIWAGE,
941314,9413,MANGGELUM,
941315,9413,YANIRUMA,
941316,9413,KAWAGIT,
941317,9413,KOMBAY,
941318,9413,WAROPKO,
941319,9413,AMBATKWI,
941320,9413,NINATI,
941401,9414,NAMBIOMAN BAPAI,
941402,9414,MINYAMUR,
941403,9414,EDERA,
941404,9414,VENAHA,
941405,9414,OBAA,
941406,9414,PASSUE,
941407,9414,HAJU,
941408,9414,ASSUE,
941409,9414,CITAKMITAK,
941410,9414,KAIBAR,
941501,9415,PANTAI KASUARI,
941502,9415,FAYIT,
941503,9415,ATSY,
941504,9415,SUATOR,
941505,9415,AKAT,
941506,9415,AGATS,
941507,9415,SAWA ERMA,
941508,9415,SURU-SURU,
941601,9416,KURIMA,
941602,9416,MUSAIK,
941603,9416,DEKAI,
941604,9416,OBIO,
941605,9416,PASEMA,
941606,9416,AMUMA,
941607,9416,SURU-SURU,
941608,9416,WUSAMA,
941609,9416,SILIMO,
941610,9416,NINIA,
941611,9416,HOLUWON,
941612,9416,LOLAT,
941613,9416,LANGDA,
941614,9416,BOMELA,
941615,9416,SUNTAMON,
941616,9416,SOBAHAM,
941617,9416,KORUPUN,
941618,9416,SELA,
941619,9416,KWELAMDUA,
941620,9416,ANGGRUK,
941621,9416,PANGGEMA,
941622,9416,WALMA,
941623,9416,KOSAREK,
941624,9416,UBAHAK,
941625,9416,NALCA,
941626,9416,PULDAMA,
941627,9416,NIPSAN,
941628,9416,SAMENAGE,
941629,9416,TANGMA,
941630,9416,SOBA,
941631,9416,MUGI,
941632,9416,YOGOSEM,
941633,9416,KAYO,
941634,9416,SUMO,
941635,9416,HOGIO,
941636,9416,UKHA,
941637,9416,WERIMA,
941638,9416,SOLOIKMA,
941639,9416,SERADALA,
941640,9416,KABIANGGAMA,
941641,9416,KWIKMA,
941642,9416,HILIPUK,
941643,9416,YAHULIAMBUT,
941644,9416,HEREAPINI,
941645,9416,UBALIHI,
941646,9416,TALAMBO,
941647,9416,PRONGGOLI,
941648,9416,ENDOMEN,
941649,9416,KONA,
941650,9416,DURAM,
941651,9416,DIRWEMNA,
941701,9417,IWUR,
941702,9417,KAWOR,
941703,9417,TARUP,
941704,9417,AWINBON,
941705,9417,OKSIBIL,
941706,9417,PEPERA,
941707,9417,ALEMSOM,
941708,9417,SERAMBAKON,
941709,9417,KOLOMDOL,
941710,9417,OKSOP,
941711,9417,OK BAPE,
941712,9417,OK AON,
941713,9417,BORME,
941714,9417,BIME,
941715,9417,EPUMEK,
941716,9417,WEIME,
941717,9417,PAMEK,
941718,9417,NONGME,
941719,9417,BATANI,
941720,9417,OKBI,
941721,9417,ABOY,
941722,9417,OKBAB,
941723,9417,TEIRAPLU,
941724,9417,YEFTA,
941725,9417,KIWIROK,
941726,9417,KIWIROK TIMUR,
941727,9417,OKSEBANG,
941728,9417,OKHIKA,
941729,9417,OKLIP,
941730,9417,OKSAMOL,
941731,9417,OKBEMTA,
941732,9417,BATOM,
941733,9417,MURKIM,
941734,9417,MOFINOP,
941801,9418,KANGGIME,
941802,9418,WONIKI,
941803,9418,NABUNAGE,
941804,9418,GILUBANDU,
941805,9418,WAKUO,
941806,9418,KARUBAGA,
941807,9418,GOYAGE,
941808,9418,WUNIN,
941809,9418,KONDAGA,
941810,9418,NELAWI,
941811,9418,KUARI,
941812,9418,BOKONDINI,
941813,9418,BOKONERI,
941814,9418,BEWANI,
941815,9418,KEMBU,
941816,9418,WINA,
941817,9418,UMAGI,
941818,9418,PANAGA,
941819,9418,POGANERI,
941820,9418,KAMBONERI,
941821,9418,AIR GARAM,
941822,9418,DOW,
941823,9418,WARI / TAIYEVE,
941824,9418,EGIAM,
941825,9418,NUNGGAWI,
941826,9418,KUBU,
941827,9418,GEYA,
941828,9418,NUMBA,
941829,9418,DUNDU,
941830,9418,GUNDAGI,
941831,9418,TIMORI,
941832,9418,YUNERI,
941833,9418,TAGINERI,
941834,9418,DORMAN,
941835,9418,SBEY,
941901,9419,PANTAI TIMUR BAGIAN BARAT,
941902,9419,PANTAI TIMUR,
941903,9419,BONGGO,
941904,9419,BONGGO TIMUR,
941905,9419,TOR ATAS,
941906,9419,SARMI,
941907,9419,SARMI TIMUR,
941908,9419,SARMI SELATAN,
941909,9419,PANTAI BARAT,
941910,9419,APAWER HULU,
942001,9420,WEB,
942002,9420,TOWE HITAM,
942003,9420,SENGGI,
942004,9420,WARIS,
942005,9420,ARSO,
942006,9420,ARSO TIMUR,
942007,9420,SKANTO,
942601,9426,WAROPEN BAWAH,
942602,9426,INGGERUS,
942603,9426,UREI FAISEI,
942604,9426,OUDATE,
942605,9426,WAPOGA,
942606,9426,MASIREI,
942607,9426,RISEI SAYATI,
942608,9426,DEMBA,
942609,9426,WALANI,
942610,9426,KIRIHI,
942701,9427,SUPIORI SELATAN,
942702,9427,KEPULAUAN ARURI,
942703,9427,SUPIORI UTARA,
942704,9427,SUPIORI BARAT,
942705,9427,SUPIORI TIMUR,
942801,9428,WAROPEN ATAS,
942802,9428,BENUKI,
942803,9428,SAWAI,
942804,9428,MAMBERAMO ILIR,
942805,9428,MAMBERAMO TENGAH,
942806,9428,MAMBERAMO TENGAH TIMUR,
942807,9428,ROFAER,
942808,9428,MAMBERAMO ULU,
942901,9429,WOSAK,
942902,9429,KENYAM,
942903,9429,GESELMA,
942904,9429,MAPENDUMA,
942905,9429,MUGI,
942906,9429,YIGI,
942907,9429,MBUWA,
942908,9429,GEAREK,
943001,9430,MAKKI,
943002,9430,PIRIME,
943003,9430,TIOM,
943004,9430,BALINGGA,
943005,9430,KUYAWAGE,
943006,9430,MALAGAINERI,
943007,9430,TIOMNERI,
943008,9430,DIMBA,
943009,9430,GAMELIA,
943010,9430,POGA,
943101,9431,KOBAKMA,
943102,9431,ILUGWA,
943103,9431,KELILA,
943104,9431,ERAGAYAM,
943105,9431,MEGAMBILIS,
943201,9432,WELAREK,
943202,9432,APALAPSILI,
943203,9432,ABENAHO,
943204,9432,ELELIM,
943205,9432,BENAWA,
943301,9433,AGADUGUME,
943302,9433,GOME,
943303,9433,ILAGA,
943304,9433,SINAK,
943305,9433,POGOMA,
943306,9433,WANGBE,
943307,9433,BEOGA,
943308,9433,DOUFO,
943401,9434,SUKIKAI SELATAN,
943402,9434,PIYAIYE,
943403,9434,MAPIA BARAT,
943404,9434,MAPIA TENGAH,
943405,9434,MAPIA,
943406,9434,DOGIYAI,
943407,9434,KAMU SELATAN,
943408,9434,KAMU,
943409,9434,KAMU TIMUR,
943410,9434,KAMU UTARA,
943501,9435,HOMEYO,
943502,9435,SUGAPA,
943503,9435,HITADIPA,
943504,9435,AGISIGA,
943505,9435,BIANDOGA,
943506,9435,WANDAI,
943601,9436,KAPIRAYA,
943602,9436,TIGI BARAT,
943603,9436,TIGI,
943604,9436,TIGI TIMUR,
943605,9436,BOWOBADO,
947101,9471,MUARA TAMI,
947102,9471,ABEPURA,
947103,9471,HERAM,
947104,9471,JAYAPURA SELATAN,
947105,9471,JAYAPURA UTARA,
190508,1905,Kep. Pongok,
320737,3207,BANJARANYAR,
180156,1801,Terbanggi Besar,
180911,1809,Way Ratai,
180816,1808,Gunung Meneng,
161301,1613,Karang Dapo,""
161302,1613,Karang Jaya,""
161303,1613,Nibung,""
161304,1613,Rawas Ilir,""
161305,1613,Rawas Ulu,""
161306,1613,Rupit,""
161307,1613,Ulu Rawas,""
741011,7410,Landawe,
741012,7410,Lasolo Kepulauan,
741013,7410,Wawolesea,
747208,7472,Batupoaro,
210410,2104,Singkep Selatan,
150116,1501,AIR HANGAT BARAT,
140215,1402,RENGAT KOTA,
121908,1219,Datuk Lima Puluh,
121909,1219,Datuk Tanah Datar,
121910,1219,Laut Tador,
121911,1219,Lima Puluh Pesisir,
121912,1219,Nibung Hangus,
120932,1209,DOLOK MASAGAL,
210411,2104,Bakung Serumpun,
210412,2104,Katang Bidare,
210413,2104,Temiang Pesisir,
330920,3309,Tamansari,
330921,3309,Wonosamodro,
330922,3309,Gladagsari,
520321,5203,Lenek,
730510,7305,Kepulauan Tanakeke,
732214,7322,Baebunta Selatan,
732215,7322,Sabbang Selatan,
732216,7322,Sukamaju Selatan,
711006,7110,Helumo,
711007,7110,Tomini,
140918,1409,Bagan Sinembah Raya,
167117,1671,Ilir Timur III,
167118,1671,Jakabaring,
160720,1607,Karang Agung Ilir,
160721,1607,Selat Penuguan,
160423,1604,Lahat Selatan,
160424,1604,Mulak Sebingkai,
160113,1601,Kedaton Peninjauan Raya,
720912,7209,Talatako,
710224,7102,Tompaso Barat,
710225,7102,Tombariri Timur,
710114,7101,Dumoga,
710115,7101,Dumoga Tengah,
710116,7101,BOLAANG UKI,
760418,7604,Simboro dan Kepulauan,
750507,7505,Biau,
750508,7505,Monano,
750509,7505,Ponelo Kepulauan,
750510,7505,Tomilito,
750511,7505,Sumalata Timur,
531511,5315,Kuwus Barat,
531512,5315,Pancar,
130217,1302,Bayang Utara,
160326,1603,Empat Petulai Dangku,
160327,1603,Panang Enim,
160328,1603,Rambang lubai,
160329,1603,Rambang Niru,
160615,1606,Jirak Jaya,
210508,2105,Jemaja Barat,
210509,2105,Kute Siantan,
210510,2105,Siantan Utara,
650116,6501,Sembakung Atulai,
810410,8104,Waelata,
810820,8108,Pulau Masela,
827108,8271,TERNATE BARAT,
